galaxy_name,T,Vflat,e_Vflat,RHI,SBeff,SBdisk,M_baryon_Msun,M_star_Msun,M_gas_Msun,Rdisk_kpc,f_star,f_gas,Sigma_baryon_Msun_kpc2,log10_Sigma_b,A_gov_star_sigma,A_gov,maturity_class,A_gov_star_sigma_gas,v_newton_km_s,v_bdvr_full_km_s,A_implied,distance_to_half_activation,log10_velocity_error_full_bdvr,claim_boundary
UGC10310,9.0,71.4,3.9,9.58,28.37,158.79,2461180000.0,870500000.0,1590680000.0,1.8,0.3536921314166375,0.6463078685833624,120897828.0367009,8.082418498709004,0.13928358584886802,0.03847879184192985,transition,0.03847879184192985,62.61478841403559,80.066382090813,0.47282800831440214,0.027171991685597863,0.04975199298309161,diagnostic_governor_hypothesis_not_accepted_model
UGC12632,9.0,71.7,2.8,12.6,13.09,66.81,2970020000.0000005,650500000.0,2319520000.0000005,2.42,0.21902209412731224,0.7809779058726878,80713981.9824109,7.906948773530353,0.02401978561962427,0.002169378054233028,juvenile,0.002169378054233028,59.32168592694667,83.91782204522788,0.4603360351660011,0.03966396483399892,0.06833504823536583,diagnostic_governor_hypothesis_not_accepted_model
NGC4157,3.0,184.7,7.2,24.09,848.85,23813.87,63750580000.0,52810000000.0,10940580000.000002,2.32,0.828384620186985,0.17161537981301506,1885073560.4888754,9.275328302176332,0.9834577171123544,0.9615957611872691,mature,0.9615957611872691,178.5038297850085,189.20681224890043,0.5718244830760092,0.0718244830760092,0.010469873353050978,diagnostic_governor_hypothesis_not_accepted_model
UGC01230,9.0,103.7,6.1,26.29,28.63,69.32,12361900000.0,3810000000.0,8551900000.0,4.34,0.3082050493856122,0.6917949506143878,104454197.95534526,8.01892589871753,0.08005035555421654,0.015608477497894345,transition,0.015608477497894345,90.37311035539409,119.86314453793428,0.4171682814060387,0.08283171859396132,0.0629069105769587,diagnostic_governor_hypothesis_not_accepted_model
NGC0100,6.0,88.1,6.4,16.36,64.99,1193.52,4262700000.0,1616000000.0,2646700000.0,1.66,0.37910244680601496,0.620897553193985,246200383.18980342,8.391288724537977,0.2475247759715309,0.08163992103861589,transition,0.08163992103861589,85.80840348533991,91.85135187873628,0.37121094787499503,0.12878905212500497,0.01810964427283579,diagnostic_governor_hypothesis_not_accepted_model
UGC00731,10.0,73.3,2.3,11.57,25.63,82.57,2564810000.0,161500000.0,2403310000.0,2.3,0.06296762723164678,0.9370323727683532,77164875.1590783,7.887419657901373,0.003707479008886851,7.572788737090526e-05,juvenile,7.572788737090526e-05,56.54642622698138,80.89620714811328,0.6500113464725119,0.1500113464725119,0.042824185373373756,diagnostic_governor_hypothesis_not_accepted_model
UGC04499,8.0,72.8,2.4,8.67,33.79,127.3,2239000000.0,776000000.0,1463000000.0000002,1.73,0.34658329611433675,0.6534167038856633,119064425.00008474,8.075782018963324,0.1289970148407457,0.033832954538117695,transition,0.033832954538117695,60.917977548246995,78.19480191805823,0.661072698609556,0.16107269860955598,0.031046504522553555,diagnostic_governor_hypothesis_not_accepted_model
DDO064,10.0,46.1,3.9,3.49,17.41,151.65,359130000.0,78500000.0,280630000.0,0.69,0.21858379973825634,0.7814162002617436,120053170.9989338,8.0793736356896,0.033901090697070826,0.003049635059903784,juvenile,0.003049635059903784,38.63160738634843,49.48542241518229,0.6616530520378597,0.16165305203785973,0.030776356431741734,diagnostic_governor_hypothesis_not_accepted_model
F574-1,7.0,97.8,4.1,16.19,29.98,128.48,7955420000.000001,3268500000.0,4686920000.000001,4.46,0.41085197261741047,0.5891480273825895,63652215.878668696,7.803813527033311,0.12051606331083899,0.04861148050744352,transition,0.04861148050744352,71.51639399850716,107.35694354973057,0.6941665594824716,0.19416655948247163,0.040491283857159284,diagnostic_governor_hypothesis_not_accepted_model
UGC07524,9.0,79.5,3.6,12.11,29.71,106.86,3584070000.0,1218000000.0,2366070000.0,3.46,0.33983711255639537,0.6601628874436046,47647971.606750086,7.678044417277685,0.04551319935323651,0.011352576543929769,transition,0.011352576543929769,54.49939403523283,87.95458448342596,0.7029351818070767,0.2029351818070767,0.04389135258970121,diagnostic_governor_hypothesis_not_accepted_model
NGC4183,6.0,110.6,5.4,16.07,86.46,1098.58,10081980000.0,5419000000.0,4662980000.0,2.79,0.5374936272438549,0.46250637275614515,206137761.99607235,8.314157556671503,0.5766414363946896,0.4069772613326878,transition,0.4069772613326878,101.79168311342814,113.90710608157768,0.715886460984727,0.21588646098472697,0.012795691366357227,diagnostic_governor_hypothesis_not_accepted_model
UGC07151,6.0,73.5,2.8,6.39,76.71,965.67,1961280000.0,1142000000.0,819280000.0,1.25,0.5822728014357971,0.417727198564203,199774340.3438544,8.300539705297789,0.6383726614109158,0.5040815362760809,transition,0.5040815362760809,67.07431940184374,75.64831524757771,0.7381574390375445,0.2381574390375445,0.01251192127464225,diagnostic_governor_hypothesis_not_accepted_model
NGC4100,4.0,158.2,5.0,18.06,388.0,8970.78,33822660000.0,29697000000.0,4125660000.0,2.15,0.8780208298223735,0.12197917017762648,1164530779.3437588,9.066150971722134,0.9803731401588605,0.9669902093805317,mature,0.9669902093805317,152.34508350757056,159.47558136266554,0.8177501196863841,0.3177501196863841,0.003487714869101359,diagnostic_governor_hypothesis_not_accepted_model
UGC06614,1.0,199.8,16.0,60.63,1461.61,540.54,91286040000.0,62175000000.0,29111040000.000004,5.1,0.6811008561659592,0.31889914383404083,558578412.1985576,8.747084147182726,0.8960745616661903,0.8152348982632992,mature,0.8152348982632992,195.2664340028341,200.49773051019417,0.8650959343549492,0.36509593435494925,0.0015139771935309201,diagnostic_governor_hypothesis_not_accepted_model
UGC06930,7.0,107.2,5.1,16.76,73.93,189.16,8771210000.0,4466000000.0,4305210000.000001,3.94,0.5091657821440827,0.49083421785591735,89926397.76836967,7.953887196986764,0.3043727884734925,0.19593859355682008,transition,0.19593859355682008,79.89564825473207,110.00925857420476,0.8932983744584888,0.3932983744584888,0.011234452333088653,diagnostic_governor_hypothesis_not_accepted_model
UGC05005,10.0,98.9,7.2,21.61,25.63,65.59,6163690000.0,2049999999.9999998,4113690000.0,3.2,0.3325929759608286,0.6674070240391713,95798997.18614104,7.981360962953233,0.09454584635462714,0.02232417066415509,transition,0.02232417066415509,74.31678031298453,100.72205023784073,0.9213055970971392,0.4213055970971392,0.007928265831443869,diagnostic_governor_hypothesis_not_accepted_model
F583-1,9.0,85.8,3.6,15.65,11.19,60.93,3320580000.0,493000000.0,2827580000.0,2.36,0.1484680387161279,0.8515319612838721,94887733.57729207,7.97721007350196,0.012467606645583378,0.0005827180184611178,juvenile,0.0005827180184611178,63.5173621461452,86.29146602759424,0.9752101366470044,0.4752101366470044,0.0024805595421997827,diagnostic_governor_hypothesis_not_accepted_model
UGC01281,8.0,55.2,3.5,5.26,13.83,135.78,567520000.0,176500000.0,391020000.0,1.63,0.3110022554271215,0.6889977445728784,33995864.843807615,7.531426093961837,0.021113600361766748,0.004210291710570171,transition,0.004210291710570171,31.596448121243306,55.48296392428599,0.9849428229873187,0.4849428229873187,0.0022205754936011866,diagnostic_governor_hypothesis_not_accepted_model
NGC0801,5.0,220.1,6.2,44.99,818.14,1558.94,187142330000.0,156285000000.0,30857330000.0,8.72,0.8351130393642101,0.1648869606357899,391705071.1381972,8.59295919409849,0.9057423542067708,0.8868908718486853,mature,0.8868908718486853,233.65200456150845,237.78788543278412,0.0,0.5,0.03356968231421312,diagnostic_governor_hypothesis_not_accepted_model
NGC0891,3.0,216.1,5.7,18.16,1617.45,5067.92,75104460000.0,69170000000.0,5934460000.0,2.55,0.9209839202625251,0.07901607973747497,1838253911.149178,9.264405498668639,0.9902027686284448,0.981364379587435,mature,0.981364379587435,185.97001889440784,196.99566617863684,1.0,0.5,-0.040198094911530265,diagnostic_governor_hypothesis_not_accepted_model
NGC2403,6.0,131.2,4.9,15.11,341.06,1408.74,9275170000.0,5020500000.0,4254670000.0,1.39,0.5412838794329377,0.4587161205670624,764033514.5787771,8.883112409462322,0.7281133473124252,0.5195676440307543,transition,0.5195676440307543,110.24451032869754,114.12452426744402,1.0,0.5,-0.06055485486709596,diagnostic_governor_hypothesis_not_accepted_model
NGC2841,3.0,284.8,8.6,45.12,983.63,4751.49,107061250000.0,94060500000.0,13000750000.000002,3.64,0.8785671753318778,0.12143282466812223,1286025778.2195067,9.109249674051874,0.9825675027448065,0.9692267056680238,mature,0.9692267056680238,203.20508926920854,213.27338466257805,1.0,0.5,-0.12560332368036584,diagnostic_governor_hypothesis_not_accepted_model
NGC2903,4.0,184.6,5.6,13.76,632.16,1193.52,44325660000.0,40931500000.0,3394160000.0000005,2.33,0.9234267464940172,0.07657325350598278,1299461750.043416,9.113763500466842,0.9851546585750945,0.9765716827126699,mature,0.9765716827126699,163.00101394766259,171.124043373264,1.0,0.5,-0.03292066335719054,diagnostic_governor_hypothesis_not_accepted_model
NGC2998,5.0,209.9,8.1,43.58,479.55,774.16,106640830000.0,75451000000.0,31189830000.0,6.2,0.7075245007001539,0.292475499299846,441530052.8075568,8.644960269237012,0.8891085775960723,0.8262052992718101,mature,0.8262052992718101,203.00530274915357,207.20889274251493,1.0,0.5,-0.005604048580014791,diagnostic_governor_hypothesis_not_accepted_model
F563-V2,10.0,116.6,9.4,11.37,23.6,146.16,4377770000.0,1493000000.0,2884770000.0,2.43,0.341041215047844,0.658958784952156,117994163.35914354,8.071860525241643,0.12164724604650885,0.030618112706409868,transition,0.030618112706409868,71.87284146811513,92.46504718896409,1.0,0.5,-0.10072095478306638,diagnostic_governor_hypothesis_not_accepted_model
F563-1,9.0,109.9,12.5,23.47,14.22,41.77,5207500000.0,951500000.0,4256000000.0,3.52,0.18271723475756121,0.8172827652424388,66890444.71131238,7.825364083305407,0.012916222974059087,0.0008343350747125616,juvenile,0.0008343350747125616,65.1305564828556,96.56543030573991,1.0,0.5,-0.056176012327711515,diagnostic_governor_hypothesis_not_accepted_model
NGC1003,6.0,109.8,4.2,33.33,140.87,1345.33,11230400000.0,3410000000.0,7820400000.0,1.61,0.3036401196751674,0.6963598803248326,689546573.3957877,8.838563604646323,0.14228135628765864,0.026737158854803753,transition,0.026737158854803753,115.6445870046507,119.39278955280355,0.0,0.5,0.03637575927570869,diagnostic_governor_hypothesis_not_accepted_model
NGC1090,4.0,164.4,3.7,30.49,283.68,2055.09,47703890000.0,36022500000.0,11681390000.0,3.53,0.7551270976014745,0.24487290239852558,609290653.0196081,8.784824515769072,0.9344752102096355,0.892271848750169,mature,0.892271848750169,166.02173646450927,170.8516756429056,0.0,0.5,0.016717429333143463,diagnostic_governor_hypothesis_not_accepted_model
ESO116-G012,7.0,109.1,3.1,9.58,90.54,1320.78,3586390000.0,2146000000.0,1440390000.0,1.51,0.5983732945942856,0.4016267054057144,250336255.5832387,8.398523751963339,0.7112971380206047,0.579803731871834,transition,0.579803731871834,82.52428402081705,87.9688144735149,1.0,0.5,-0.09349601142056037,diagnostic_governor_hypothesis_not_accepted_model
D631-7,10.0,57.7,2.7,0.0,20.93,115.04,483700000.0,98000000.0,385700000.0,0.7,0.20260492040520983,0.7973950795947902,157108665.25214243,8.196200139001826,0.03355160044900813,0.0026071144354172155,juvenile,0.0026071144354172155,44.51234813364735,53.30996314567532,1.0,0.5,-0.03436743086778445,diagnostic_governor_hypothesis_not_accepted_model
DDO161,10.0,66.3,1.9,10.69,20.74,169.37,2106740000.0,274000000.0,1832740000.0,1.22,0.1300587637772103,0.8699412362227897,225274176.84051302,8.352711411437879,0.01692680485169643,0.0006633249648438192,juvenile,0.0006633249648438192,70.36667605242577,77.01354161757533,0.0,0.5,0.06505356732243268,diagnostic_governor_hypothesis_not_accepted_model
ESO079-G014,4.0,175.0,3.5,17.67,157.34,2295.25,30042700000.0,25866500000.0,4176200000.0000005,5.08,0.8609911892073615,0.1390088107926385,185281333.6547091,8.2678316681095,0.7395151354129029,0.7275761776685452,mature,0.7275761776685452,130.22042417164954,149.65771177650524,1.0,0.5,-0.06793894798659812,diagnostic_governor_hypothesis_not_accepted_model
NGC3972,4.0,132.7,2.9,10.05,164.75,1587.93,8791120000.0,7176500000.0,1614620000.0,2.18,0.8163351199847119,0.18366488001528816,294409183.4260632,8.468951352707107,0.8565702562675243,0.8351516055346992,mature,0.8351516055346992,107.53140953223658,110.07163373065706,1.0,0.5,-0.08119551035499444,diagnostic_governor_hypothesis_not_accepted_model
NGC3953,4.0,220.8,6.1,17.38,587.26,1999.08,74417060000.0,70650500000.0,3766560000.0,4.89,0.9493857994389996,0.0506142005610004,495307520.0156474,8.69487492171657,0.9392126224226588,0.9328881456185545,mature,0.9328881456185545,185.5430239167322,189.93152377499064,1.0,0.5,-0.06540201656174731,diagnostic_governor_hypothesis_not_accepted_model
NGC3917,6.0,135.9,4.1,14.08,112.94,1226.96,13494040000.0,10983000000.0,2511040000.0,2.63,0.8139148839043014,0.18608511609569856,310492152.3051887,8.492050627850366,0.8664234144955778,0.8442412307403525,mature,0.8442412307403525,121.07709754443219,122.53833940050562,1.0,0.5,-0.04494746611344589,diagnostic_governor_hypothesis_not_accepted_model
NGC3893,5.0,174.0,8.9,20.84,1573.37,2055.09,36975170000.0,29262500000.0,7712670000.000001,2.38,0.7914094783066582,0.2085905216933418,1038906340.8592535,9.01657639694944,0.9670717469365128,0.9362629106451356,mature,0.9362629106451356,155.77725548258672,162.57638703501456,1.0,0.5,-0.029491780364567947,diagnostic_governor_hypothesis_not_accepted_model
NGC3741,10.0,50.1,2.1,4.2,42.94,143.49,256060000.0,14000000.0,242060000.0,0.2,0.05467468562055768,0.9453253143794423,1018830368.202768,9.008101881468578,0.00847913428395173,0.00015966856084247166,juvenile,0.00015966856084247166,44.937813603565075,46.87494092727479,1.0,0.5,-0.028896992437598554,diagnostic_governor_hypothesis_not_accepted_model
NGC3521,4.0,213.7,15.9,18.85,2232.7,2112.66,47942820000.0,42418000000.0,5524820000.0,2.4,0.8847623064308691,0.1152376935691309,1324711248.049476,9.122121223899192,0.9835536347597388,0.970991406509063,mature,0.970991406509063,166.22923152259304,174.60134796360407,1.0,0.5,-0.08775692992570243,diagnostic_governor_hypothesis_not_accepted_model
NGC3198,5.0,150.1,3.9,35.66,178.99,1602.62,33595270000.0,19139500000.0,14455770000.000002,3.14,0.569708176180754,0.430291823819246,542299209.4006712,8.734238971292958,0.7672280508700658,0.5892351621089128,transition,0.5892351621089128,152.08838113024217,156.04470059288224,0.0,0.5,0.016868332008650535,diagnostic_governor_hypothesis_not_accepted_model
NGC3109,9.0,66.2,2.6,6.0,11.4,140.87,731410000.0,97000000.0,634410000.0,1.56,0.1326205548187747,0.8673794451812253,47833463.56296974,7.679731828746212,0.0047166515732810065,0.0001894390324243749,juvenile,0.0001894390324243749,36.665670307757274,59.11593785206482,1.0,0.5,-0.04915340554555408,diagnostic_governor_hypothesis_not_accepted_model
NGC5033,5.0,194.2,3.6,29.53,2036.24,614.94,70302120000.0,55254500000.0,15047620000.0,5.16,0.7859578061088343,0.21404219389116572,420232028.86844224,8.62348914999931,0.9076090039780254,0.8771288482550982,mature,0.8771288482550982,182.92312352785737,186.48238168643866,1.0,0.5,-0.01761141836988667,diagnostic_governor_hypothesis_not_accepted_model
NGC5055,4.0,179.0,4.9,35.06,1383.02,3348.34,92051260000.0,76461000000.0,15590260000.0,3.2,0.830635017923709,0.16936498207629097,1430704399.1052012,9.155549912516761,0.9800886568305115,0.9587758711914368,mature,0.9587758711914368,195.67436701535524,205.94381667369177,0.0,0.5,0.06089572610492724,diagnostic_governor_hypothesis_not_accepted_model
NGC5371,4.0,209.5,3.9,30.03,560.83,1395.82,185065900000.0,170196500000.0,14869400000.0,7.44,0.919653485596212,0.08034651440378805,532109072.99164623,8.726000664142939,0.9446736618594629,0.9361297477426864,mature,0.9361297477426864,233.00117123781155,238.9465476170606,0.0,0.5,0.057116732761899644,diagnostic_governor_hypothesis_not_accepted_model
NGC4088,4.0,171.7,6.9,22.25,457.96,3988.69,64583580000.0,53643000000.0,10940580000.000002,2.58,0.8305981179736397,0.16940188202636028,1544197464.030237,9.188702834895674,0.9812706422552967,0.9599244494019148,mature,0.9599244494019148,179.08410137546545,188.85707111522893,0.0,0.5,0.04136295499724478,diagnostic_governor_hypothesis_not_accepted_model
NGC3992,4.0,241.0,5.2,32.75,360.44,3257.09,135542670000.0,113466000000.0,22076670000.0,4.96,0.8371238370913012,0.1628761629086988,876865160.4112557,8.94293281504035,0.9682059769210579,0.9484473943989468,mature,0.9484473943989468,215.54875181595335,223.94803916797213,1.0,0.5,-0.03186977834945417,diagnostic_governor_hypothesis_not_accepted_model
NGC4217,3.0,181.3,7.2,16.7,483.98,4373.51,46056960000.0,42649500000.0,3407460000.0,2.94,0.9260163936134734,0.0739836063865266,848048596.3933663,8.928420739686862,0.9729769719820344,0.964714955051288,mature,0.964714955051288,164.56986786479803,170.83155295949967,1.0,0.5,-0.02582971519797885,diagnostic_governor_hypothesis_not_accepted_model
NGC4559,6.0,121.2,5.1,21.16,211.27,1602.62,17417130000.0,9688500000.0,7728630000.000001,2.1,0.5562627137766096,0.4437372862233905,628576492.9646583,8.798358135563797,0.7508168964461055,0.5580013170487282,transition,0.5580013170487282,129.0537568121273,132.9155269122843,0.0,0.5,0.040073097443875084,diagnostic_governor_hypothesis_not_accepted_model
NGC5005,4.0,262.2,20.7,10.41,1789.91,96.57,91062400000.0,89360000000.0,1702400000.0000002,9.45,0.9813051270337703,0.018694872966229754,162291437.41565368,8.210295606818034,0.6975266560201642,0.6941068812716185,mature,0.6941068812716185,166.22453362305092,197.46909394740845,1.0,0.5,-0.12313355386456369,diagnostic_governor_hypothesis_not_accepted_model
NGC6503,6.0,116.3,2.4,14.05,774.16,398.87,8742020000.0,6422500000.0,2319520000.0000005,2.16,0.7346700190573804,0.2653299809426197,298211525.9791261,8.474524425074039,0.842022188725818,0.795835470234244,mature,0.795835470234244,107.72599238978094,109.91761826701814,1.0,0.5,-0.024512405354111193,diagnostic_governor_hypothesis_not_accepted_model
NGC6195,3.0,251.7,9.3,40.89,686.8,174.11,223344310000.0,195538000000.0,27806310000.0,13.94,0.8755002533979934,0.12449974660200656,182923489.210516,8.262269476824219,0.7361366155553327,0.7258348024425874,mature,0.7258348024425874,214.33719395775708,247.1201071591818,1.0,0.5,-0.00797513193095076,diagnostic_governor_hypothesis_not_accepted_model
NGC5985,3.0,293.6,8.6,39.5,288.95,1461.61,119773380000.0,104364000000.0,15409380000.0,7.01,0.8713455360448207,0.12865446395517935,387921991.97445583,8.58874440120979,0.9075479272200359,0.8943163757546183,mature,0.8943163757546183,208.9857045175817,212.63467073065394,1.0,0.5,-0.14012197224504308,diagnostic_governor_hypothesis_not_accepted_model
NGC5907,5.0,215.0,2.9,0.0,449.6,8646.29,115675750000.0,87712500000.0,27963250000.0,5.34,0.7582617791542307,0.24173822084576932,645624409.3886263,8.809979941575211,0.9390720820381661,0.8979125756842532,mature,0.8979125756842532,207.17487439754782,213.52275840974346,1.0,0.5,-0.0029942886341289966,diagnostic_governor_hypothesis_not_accepted_model
NGC5585,7.0,90.3,2.4,10.92,90.54,297.05,3709890000.0000005,1471500000.0,2238390000.0000005,1.53,0.39664248805220637,0.6033575119477936,252230907.69669428,8.401798302775038,0.28754310030363534,0.10629992099682432,transition,0.10629992099682432,83.3827630566897,88.71654468107285,1.0,0.5,-0.007683131680584954,diagnostic_governor_hypothesis_not_accepted_model
NGC7331,3.0,239.0,5.4,27.01,2470.76,1806.47,140034610000.0,125315500000.0,14719110000.0,5.02,0.894889484820931,0.10511051517906894,884398675.6339487,8.946648083561472,0.9731565979129682,0.9619104405676248,mature,0.9619104405676248,217.31282111774829,225.83199038228528,1.0,0.5,-0.02461243872488646,diagnostic_governor_hypothesis_not_accepted_model
NGC7814,2.0,218.9,7.0,12.15,2709.13,2635.3,38687600000.0,37264500000.0,1423100000.0000002,2.54,0.9632156039661287,0.036784396033871326,954386939.1099899,8.979724487335302,0.9784542159534912,0.9727115043853686,mature,0.9727115043853686,157.5503783519389,164.05744615059405,1.0,0.5,-0.1252498148755768,diagnostic_governor_hypothesis_not_accepted_model
NGC6674,3.0,241.3,4.9,50.02,560.83,1370.35,150106450000.0,107327000000.0,42779450000.00001,6.04,0.7150059174672374,0.28499408253276265,654855694.5823767,8.816145608463174,0.9247403868674138,0.8637210573270883,mature,0.8637210573270883,221.11914261914083,227.9785275983578,1.0,0.5,-0.024663377472768287,diagnostic_governor_hypothesis_not_accepted_model
UGC00128,8.0,129.3,2.8,31.27,20.36,88.89,15893230000.000002,6010000000.0,9883230000.000002,5.95,0.378148431753646,0.621851568246354,71449364.20299143,7.85399836854531,0.10628492980359623,0.034831689061957195,transition,0.034831689061957195,87.5163270533972,127.63430048930859,1.0,0.5,-0.005631122349429894,diagnostic_governor_hypothesis_not_accepted_model
NGC6946,6.0,158.9,10.9,21.25,571.26,2232.7,40627600000.0,33086500000.0,7541100000.0,2.44,0.8143848024495663,0.1856151975504337,1086079576.3840847,9.035861646908801,0.9721135048256384,0.9473391476584626,mature,0.9473391476584626,159.48938934178565,166.6464867800681,0.0,0.5,0.02067226514492633,diagnostic_governor_hypothesis_not_accepted_model
ESO563-G021,4.0,314.6,11.7,55.71,429.37,6558.89,187904840000.0,155588500000.0,32316339999.999996,5.45,0.8280175220606345,0.17198247793936547,1006850740.4054103,9.00296509376827,0.9718101743457644,0.9501294620596823,mature,0.9501294620596823,233.88964509869035,243.89540442434864,1.0,0.5,-0.1105551010483615,diagnostic_governor_hypothesis_not_accepted_model
F568-V1,7.0,112.3,15.8,14.38,31.39,90.54,5225530000.0,1912500000.0,3313030000.0000005,2.85,0.36599158362883766,0.6340084163711625,102390757.74392019,8.010260757011247,0.1364186719401666,0.041132556680115534,transition,0.041132556680115534,72.5077158237496,96.648906959986,1.0,0.5,-0.06518280947402885,diagnostic_governor_hypothesis_not_accepted_model
F579-V1,5.0,112.1,13.4,20.96,56.6,201.76,8909850000.0,5924000000.0,2985850000.0,3.37,0.6648821248393632,0.33511787516063685,124862125.20206426,8.096430722519624,0.5532698359737562,0.49548554623576685,transition,0.49548554623576685,87.068633236026,110.44141406301956,1.0,0.5,-0.006473653999035788,diagnostic_governor_hypothesis_not_accepted_model
F571-8,5.0,139.7,4.3,24.55,825.71,87.26,7452060000.0,5082000000.0,2370060000.0,3.56,0.6819590824550527,0.3180409175449473,93582895.56380108,7.971196478641222,0.44379251438949474,0.4040671367153705,transition,0.4040671367153705,77.4737635436703,105.61690728911003,1.0,0.5,-0.12146295993707698,diagnostic_governor_hypothesis_not_accepted_model
IC4202,4.0,242.6,11.0,32.13,391.59,8888.53,106268080000.0,89874500000.0,16393580000.0,4.78,0.8457337330268883,0.15426626697311177,740230835.6333476,8.869367172445768,0.9617094735606553,0.9436721794762768,mature,0.9436721794762768,202.82767468835735,209.79139152267092,1.0,0.5,-0.06310313293471571,diagnostic_governor_hypothesis_not_accepted_model
NGC0024,5.0,106.3,7.9,7.29,151.65,1182.58,2843580000.0,1944500000.0,899080000.0000001,1.34,0.6838210987557938,0.3161789012442063,252043780.95191115,8.401475985917836,0.7853626911934626,0.7162449635294088,mature,0.7162449635294088,78.00488619946532,83.0100591249191,1.0,0.5,-0.10740254133107215,diagnostic_governor_hypothesis_not_accepted_model
UGC04278,7.0,91.4,4.8,8.9,34.11,377.42,2137780000.0000002,653500000.0,1484280000.0000002,2.21,0.30569095042520744,0.6943090495747926,69662425.8805086,7.842998593983464,0.05232288882815211,0.009997189107437018,transition,0.009997189107437018,52.66557732133028,77.29566054300169,1.0,0.5,-0.07279108286504826,diagnostic_governor_hypothesis_not_accepted_model
UGC04325,9.0,90.9,2.7,6.61,41.0,213.22,1914740000.0,1012999999.9999999,901740000.0000001,1.86,0.5290535529628043,0.47094644703719574,88085424.828239,7.944904053243674,0.3208655487926966,0.2207382695313109,transition,0.2207382695313109,54.33002616537036,75.19549333444107,1.0,0.5,-0.08237207027172883,diagnostic_governor_hypothesis_not_accepted_model
UGC03205,2.0,219.6,8.6,28.6,587.26,3915.89,69691410000.0,56821000000.0,12870410000.0,3.19,0.8153228640373326,0.1846771359626674,1089978714.0991092,9.037418016803409,0.9723433771221337,0.9477886857228248,mature,0.9477886857228248,182.5245624593397,190.73346525301315,1.0,0.5,-0.06120543665114407,diagnostic_governor_hypothesis_not_accepted_model
UGC03546,1.0,196.9,7.4,18.37,2403.42,922.21,54225750000.0,50668000000.0,3557750000.0,3.79,0.9343900268783742,0.0656099731216258,600824009.5352541,8.778747279189737,0.9546529684984819,0.9471926194434268,mature,0.9471926194434268,171.42647505970544,176.349816136099,1.0,0.5,-0.047870704933698244,diagnostic_governor_hypothesis_not_accepted_model
UGC02885,5.0,289.5,12.0,74.24,421.53,470.79,255062250000.0,201762500000.0,53299750000.00001,11.4,0.7910323852314484,0.20896761476855163,312360863.98615557,8.494656615411506,0.8641047240431288,0.836475518072315,mature,0.836475518072315,252.4573678120706,255.54003207213916,1.0,0.5,-0.05418962309893177,diagnostic_governor_hypothesis_not_accepted_model
UGC02487,0.0,332.0,3.5,40.2,818.14,1150.35,268868290000.0,244977500000.0,23890790000.000004,7.89,0.9111431474496304,0.08885685255036957,687393957.7004666,8.837205710302111,0.9622641000771606,0.9527956148346134,mature,0.9527956148346134,255.8063962500976,264.0758444401432,1.0,0.5,-0.09940940648854744,diagnostic_governor_hypothesis_not_accepted_model
UGC06446,7.0,82.2,4.3,10.33,37.05,86.46,2328070000.0,494000000.0,1834070000.0,1.49,0.21219293234309966,0.7878070676569003,166895116.60013008,8.222443629281738,0.03862570990113242,0.003277788368977103,juvenile,0.003277788368977103,66.93393602930357,78.96113258769162,1.0,0.5,-0.017458448483116985,diagnostic_governor_hypothesis_not_accepted_model
UGC06667,6.0,83.8,3.1,8.59,18.06,614.94,1774470000.0,698500000.0,1075970000.0,5.15,0.3936386639390917,0.6063613360609084,10648154.279131887,7.027274334924381,0.006747656325323561,0.002447454643900065,transition,0.002447454643900065,31.432013146060825,73.7787895627693,1.0,0.5,-0.05531249284822381,diagnostic_governor_hypothesis_not_accepted_model
UGC06917,9.0,108.7,3.5,12.67,53.07,261.11,6106590000.0,3416000000.0,2690590000.0000005,2.76,0.5593956692687736,0.4406043307312265,127585326.60359396,8.105800729702338,0.47613201366944613,0.3566828995136179,transition,0.3566828995136179,79.65009925774248,100.48796491916458,1.0,0.5,-0.034115493097739376,diagnostic_governor_hypothesis_not_accepted_model
UGC06786,0.0,219.4,7.8,20.31,992.73,1078.52,43393400000.0,36703500000.0,6689900000.000001,3.6,0.8458313937142514,0.15416860628574855,532891520.64535886,8.726638809814512,0.9400364380599209,0.9224225190027476,mature,0.9224225190027476,162.13710829964705,166.2805125376458,1.0,0.5,-0.12039526874726068,diagnostic_governor_hypothesis_not_accepted_model
UGC07125,9.0,65.2,2.1,23.04,28.11,103.0,7512569999.999999,1356000000.0,6156569999.999999,3.38,0.18049748621310685,0.8195025137868931,104658682.36615317,8.019775262749231,0.01970169080134811,0.0012464777138904944,juvenile,0.0012464777138904944,79.83207120362623,105.83065726999256,0.0,0.5,0.21036389762457705,diagnostic_governor_hypothesis_not_accepted_model
UGC06983,6.0,109.0,5.8,16.07,53.56,121.57,6595110000.0,2649000000.0,3946110000.0000005,3.21,0.4016612308210174,0.5983387691789827,101866670.23173201,8.008032110383153,0.18234140987177763,0.06955458498614116,transition,0.06955458498614116,76.7538177984189,102.44007112447892,1.0,0.5,-0.026956626612037106,diagnostic_governor_hypothesis_not_accepted_model
UGC07399,8.0,103.0,3.3,7.85,113.98,135.78,1568850000.0,578000000.0,990850000.0,1.64,0.36842273002517767,0.6315772699748223,92835452.28648129,7.967713857599678,0.12774708492268932,0.039175142635967435,transition,0.039175142635967435,52.373339671746784,71.54177580168246,1.0,0.5,-0.15827750875104182,diagnostic_governor_hypothesis_not_accepted_model
UGC07603,7.0,61.6,2.8,4.37,81.81,520.99,531140000.0,188000000.0,343140000.0,0.53,0.3539556425801107,0.6460443574198893,300938257.2938031,8.47847740168307,0.20917325864547415,0.05789693923401871,transition,0.05789693923401871,53.605339526734014,54.57159064874437,1.0,0.5,-0.052614099412901454,diagnostic_governor_hypothesis_not_accepted_model
UGC06399,9.0,85.0,3.8,8.8,30.82,311.05,2044420000.0,1148000000.0,896420000.0000001,2.05,0.5615284530575909,0.43847154694240914,77425234.68314877,7.8888825304181305,0.3095005115148081,0.2330888581358828,transition,0.2330888581358828,53.47485445385581,76.43757326734134,1.0,0.5,-0.046112035051520964,diagnostic_governor_hypothesis_not_accepted_model
UGC05721,7.0,79.7,6.6,6.74,233.79,913.76,1012960000.0000001,265500000.0,747460000.0000001,0.38,0.2621031432633075,0.7378968567366925,1116465312.703368,9.04784523458566,0.09352487167513135,0.012392736734233255,juvenile,0.012392736734233255,63.375963839724236,66.26835668384786,1.0,0.5,-0.08015212026307668,diagnostic_governor_hypothesis_not_accepted_model
UGC08490,9.0,78.6,3.8,7.8,124.98,576.54,1466100000.0,508499999.99999994,957600000.0,0.67,0.3468385512584407,0.6531614487415592,519797420.5101976,8.715834119988067,0.21265717122512934,0.055880184718064406,transition,0.055880184718064406,69.51321923812193,71.24447006491319,1.0,0.5,-0.04267138561846616,diagnostic_governor_hypothesis_not_accepted_model
UGC08286,6.0,82.4,2.3,8.07,39.52,1488.78,1481360000.0,627500000.0,853860000.0000001,1.05,0.4235972349732678,0.5764027650267323,213846500.22549668,8.33010214706329,0.3326274763412864,0.14448468801575823,transition,0.14448468801575823,63.602932306135884,70.52279461903211,1.0,0.5,-0.06759769786596238,diagnostic_governor_hypothesis_not_accepted_model
UGC09133,2.0,226.8,4.2,60.35,1284.78,864.63,185922240000.0,141463000000.0,44459240000.0,6.97,0.7608718569655787,0.23912814303442126,609096240.0185609,8.78468591858822,0.9360156036354964,0.8960018242545874,mature,0.8960018242545874,233.27024151484508,240.05460564924272,0.0,0.5,0.024666992468667687,diagnostic_governor_hypothesis_not_accepted_model
UGC08550,7.0,56.9,1.9,5.59,45.38,1284.78,527540000.0,144500000.0,383040000.0,0.45,0.27391287864427344,0.7260871213557266,414620240.3886344,8.617650499095362,0.09943010302901152,0.014584532797275538,juvenile,0.014584532797275538,53.83817774827711,54.86756003829323,1.0,0.5,-0.015796618855572004,diagnostic_governor_hypothesis_not_accepted_model
UGC11455,6.0,269.4,7.4,43.44,571.26,9568.2,204896550000.0,187161000000.0,17735550000.000004,5.93,0.913441441546966,0.086558558453034,927353661.0363086,8.967245390827602,0.9757966648422333,0.9664110810031528,mature,0.9664110810031528,239.00674905675288,248.6886142865566,1.0,0.5,-0.03474168897071838,diagnostic_governor_hypothesis_not_accepted_model
UGC11914,2.0,288.1,10.5,9.26,2425.66,3168.33,76195040000.0,75014000000.0,1181040000.0,2.44,0.9844997784632701,0.01550022153672995,2036888144.1623034,9.308967180346801,0.9930788550074092,0.9883624272826174,mature,0.9883624272826174,186.64148385420054,198.21582233861102,1.0,0.5,-0.16240493971498338,diagnostic_governor_hypothesis_not_accepted_model
UGCA442,9.0,56.4,2.1,4.37,7.6,116.1,419790000.00000006,70000000.0,349790000.00000006,1.18,0.1667500416875104,0.8332499583124896,47983089.31380837,7.681088205881671,0.007056672981095136,0.00039230174705084963,juvenile,0.00039230174705084963,31.938647562480995,51.45438392407321,1.0,0.5,-0.03985672132950001,diagnostic_governor_hypothesis_not_accepted_model
