galaxy_name,v_flat_obs_km_s,model,v_pred_km_s,velocity_ratio_pred_over_obs,log10_velocity_error,abs_log10_velocity_error
D631-7,57.7,newtonian_outer,44.51234813364735,0.7714445083821031,-0.11269530818825324,0.11269530818825324
DDO064,46.1,newtonian_outer,25.665015450436425,0.5567248470810504,-0.2543593953458663,0.2543593953458663
DDO161,66.3,newtonian_outer,37.7305709729956,0.5690885516288929,-0.24482015101864532,0.24482015101864532
ESO079-G014,175.0,newtonian_outer,101.87600724134319,0.5821486128076754,-0.23496613307622638,0.23496613307622638
ESO116-G012,109.1,newtonian_outer,50.0206496392189,0.4584844146582851,-0.33867542279210106,0.33867542279210106
ESO563-G021,314.6,newtonian_outer,156.1400549171872,0.4963129526929027,-0.30424439050961005,0.30424439050961005
F563-1,109.9,newtonian_outer,39.94093214180925,0.3634297738108212,-0.43957949620227255,0.43957949620227255
F563-V2,116.6,newtonian_outer,48.72782059803058,0.41790583703285233,-0.3789215628753862,0.3789215628753862
F568-V1,112.3,newtonian_outer,48.923721736353436,0.4356520190236281,-0.3608602688931023,0.3608602688931023
F571-8,139.7,newtonian_outer,49.70174067261386,0.35577480796430827,-0.4488248070936664,0.4488248070936664
F574-1,97.8,newtonian_outer,55.69688554439288,0.5694978072023812,-0.24450794379162213,0.24450794379162213
F579-V1,112.1,newtonian_outer,53.55734974407287,0.4777640476723718,-0.32078653454630873,0.32078653454630873
F583-1,85.8,newtonian_outer,38.38134396818512,0.4473350112842089,-0.34936710984770386,0.34936710984770386
IC4202,242.6,newtonian_outer,149.90394198547037,0.6179057790002901,-0.20907774300163728,0.20907774300163728
NGC0024,106.3,newtonian_outer,51.285354267076734,0.48245864785584885,-0.3165399046572714,0.3165399046572714
NGC0100,88.1,newtonian_outer,43.73543361434244,0.4964294394363501,-0.304142471722768,0.304142471722768
NGC0801,220.1,newtonian_outer,174.6935590386831,0.7937008588763431,-0.1003431497371329,0.1003431497371329
NGC0891,216.1,newtonian_outer,171.9921619259934,0.7958915406107978,-0.09914611131204927,0.09914611131204927
NGC1003,109.8,newtonian_outer,51.73760015693882,0.4711985442344155,-0.3267960599695476,0.3267960599695476
NGC1090,164.4,newtonian_outer,105.52619040789912,0.6418868029677562,-0.1925415532099402,0.1925415532099402
NGC2403,131.2,newtonian_outer,67.96993882132546,0.5180635580893709,-0.2856169560188469,0.2856169560188469
NGC2841,284.8,newtonian_outer,134.8696715309211,0.473559239925987,-0.3246256851639789,0.3246256851639789
NGC2903,184.6,newtonian_outer,144.3458057798777,0.7819382761640179,-0.10682752747640001,0.10682752747640001
NGC2998,209.9,newtonian_outer,134.59130944931673,0.6412163384912659,-0.19299542015102197,0.19299542015102197
NGC3109,66.2,newtonian_outer,28.696958935213953,0.43348880566788445,-0.36302211318070937,0.36302211318070937
NGC3198,150.1,newtonian_outer,83.44822976635162,0.5559508978437816,-0.2549635640603552,0.2549635640603552
NGC3521,213.7,newtonian_outer,139.14707925043479,0.6511327994872943,-0.18633042740296835,0.18633042740296835
NGC3741,50.1,newtonian_outer,22.07515500846917,0.44062185645647045,-0.35593396405539923,0.35593396405539923
NGC3893,174.0,newtonian_outer,116.91197757726962,0.6719079171107449,-0.17269024157546534,0.17269024157546534
NGC3917,135.9,newtonian_outer,76.8780508004362,0.5656957380458881,-0.2474170932237509,0.2474170932237509
NGC3953,220.8,newtonian_outer,164.87048179714284,0.7466960226319875,-0.12685616198844551,0.12685616198844551
NGC3972,132.7,newtonian_outer,74.07976636612777,0.5582499349369087,-0.25317131887281313,0.25317131887281313
NGC3992,241.0,newtonian_outer,165.16684305999814,0.6853395977593284,-0.16409417465925324,0.16409417465925324
NGC4088,171.7,newtonian_outer,139.98665451045392,0.8152979295891318,-0.08868366054504466,0.08868366054504466
NGC4100,158.2,newtonian_outer,112.49585037567473,0.7110989277855546,-0.148069976200357,0.148069976200357
NGC4157,184.7,newtonian_outer,138.64151420229916,0.7506308294656154,-0.12457360247044624,0.12457360247044624
NGC4183,110.6,newtonian_outer,64.97926652563018,0.5875159722028046,-0.23098032217069195,0.23098032217069195
NGC4217,181.3,newtonian_outer,134.2566786427335,0.740522220864498,-0.13046190506438876,0.13046190506438876
NGC4559,121.2,newtonian_outer,77.44514341039456,0.638986331768932,-0.19450843151424008,0.19450843151424008
NGC5005,262.2,newtonian_outer,166.22453362305092,0.6339608452442826,-0.1979375642309808,0.1979375642309808
NGC5033,194.2,newtonian_outer,136.472508734746,0.7027420635156848,-0.15320405043885246,0.15320405043885246
NGC5055,179.0,newtonian_outer,142.05367644662047,0.793595957802349,-0.10040055293629385,0.10040055293629385
NGC5371,209.5,newtonian_outer,199.9218018030192,0.9542806768640535,-0.020323870070362616,0.020323870070362616
NGC5585,90.3,newtonian_outer,49.18812038226518,0.5447189411103565,-0.26382752306230284,0.26382752306230284
NGC5907,215.0,newtonian_outer,249.22523533560607,1.159187141095842,0.06415355484571496,0.06415355484571496
NGC5985,293.6,newtonian_outer,143.24753279947652,0.48790031607451123,-0.31166890054038465,0.31166890054038465
NGC6195,251.7,newtonian_outer,195.22310067616954,0.775618198951806,-0.1103520092740703,0.1103520092740703
NGC6503,116.3,newtonian_outer,69.27451729070687,0.5956536310464907,-0.2250062064555252,0.2250062064555252
NGC6674,241.3,newtonian_outer,149.5032390389501,0.6195741360917949,-0.20790672000750587,0.20790672000750587
NGC6946,158.9,newtonian_outer,117.18412978385767,0.7374709237498909,-0.1322550979313705,0.1322550979313705
NGC7331,239.0,newtonian_outer,197.1237511020048,0.8247855694644552,-0.08365894612025108,0.08365894612025108
NGC7814,218.9,newtonian_outer,152.92748737885,0.6986180327951119,-0.1557602085032171,0.1557602085032171
UGC00128,129.3,newtonian_outer,57.81579992580258,0.44714462432948626,-0.3495519860635929,0.3495519860635929
UGC00731,73.3,newtonian_outer,41.24389948244591,0.5626725713839824,-0.24974425489562102,0.24974425489562102
UGC01230,103.7,newtonian_outer,56.99088277632412,0.5495745687205797,-0.2599733722364592,0.2599733722364592
UGC01281,55.2,newtonian_outer,25.913465032058916,0.4694468302909224,-0.3284135889545739,0.3284135889545739
UGC02487,332.0,newtonian_outer,215.4400581347034,0.6489158377551307,-0.18781162610982155,0.18781162610982155
UGC02885,289.5,newtonian_outer,159.31909206096464,0.5503250157546274,-0.25938074530756383,0.25938074530756383
UGC03205,219.6,newtonian_outer,132.88374066653395,0.6051172161499725,-0.2181604908081612,0.2181604908081612
UGC03546,196.9,newtonian_outer,149.21513587752793,0.75782191913422,-0.12043283740706649,0.12043283740706649
UGC04278,91.4,newtonian_outer,40.23411452699791,0.4401981895732812,-0.3563517479252213,0.3563517479252213
UGC04325,90.9,newtonian_outer,41.859408468165526,0.46049954310413116,-0.33677079636279583,0.33677079636279583
UGC04499,72.8,newtonian_outer,41.17560506566862,0.5655989706822613,-0.24749138957081193,0.24749138957081193
UGC05005,98.9,newtonian_outer,44.62075550959908,0.45117042982405536,-0.34565937220085957,0.34565937220085957
UGC05721,79.7,newtonian_outer,34.45483914910839,0.43230663926108387,-0.36420809462523956,0.36420809462523956
UGC06399,85.0,newtonian_outer,37.88952185348015,0.4457590806291782,-0.35089980098048107,0.35089980098048107
UGC06446,82.2,newtonian_outer,40.203556426106985,0.4890943604149268,-0.31060734485567154,0.31060734485567154
UGC06614,199.8,newtonian_outer,110.50070216729773,0.5530565674038925,-0.2572304461727807,0.2572304461727807
UGC06667,83.8,newtonian_outer,31.43201314606082,0.3750836890938046,-0.4258718211880539,0.4258718211880539
UGC06786,219.4,newtonian_outer,125.41950413251894,0.5716476943141245,-0.24287154385355122,0.24287154385355122
UGC06917,108.7,newtonian_outer,55.279429379062414,0.5085504082710434,-0.29366599269416654,0.29366599269416654
UGC06930,107.2,newtonian_outer,59.7419469208051,0.5572942809776595,-0.2539154137042314,0.2539154137042314
UGC06983,109.0,newtonian_outer,53.23301861563743,0.48837631757465527,-0.3112454040965568,0.3112454040965568
UGC07125,65.2,newtonian_outer,48.95943874317568,0.7509116371652712,-0.12441116519202305,0.12441116519202305
UGC07151,73.5,newtonian_outer,44.395098728694116,0.6040149486897158,-0.21895231294655343,0.21895231294655343
UGC07399,103.0,newtonian_outer,38.4676273746166,0.37347211043317086,-0.4277418242025756,0.4277418242025756
UGC07524,79.5,newtonian_outer,44.28575768273596,0.5570535557576851,-0.254103049257278,0.254103049257278
UGC07603,61.6,newtonian_outer,29.58498556818699,0.4802757397432953,-0.3185093504039647,0.3185093504039647
UGC08286,82.4,newtonian_outer,35.139256387794624,0.42644728625964345,-0.3701346449218614,0.3701346449218614
UGC08490,78.6,newtonian_outer,37.55909732456755,0.4778511109995872,-0.32070739992323943,0.32070739992323943
UGC08550,56.9,newtonian_outer,26.22151850598312,0.4608351231279986,-0.33645442802371334,0.33645442802371334
UGC09133,226.8,newtonian_outer,155.34929793974118,0.6849616311276066,-0.16433375530503072,0.16433375530503072
UGC10310,71.4,newtonian_outer,40.829300244057215,0.5718389389923979,-0.24272627497707697,0.24272627497707697
UGC11455,269.4,newtonian_outer,181.5066497237932,0.6737440598507544,-0.17150505080024975,0.17150505080024975
UGC11914,288.1,newtonian_outer,230.09391680163347,0.7986598986519731,-0.09763812129106439,0.09763812129106439
UGC12632,71.7,newtonian_outer,39.30194494605978,0.5481442809771238,-0.2611051127111883,0.2611051127111883
UGCA442,56.4,newtonian_outer,24.370607960400974,0.4321029780212939,-0.3644127405534815,0.3644127405534815
D631-7,57.7,mond_simple_btfr,52.68300333001408,0.913050317677887,-0.03950528808706702,0.03950528808706702
DDO064,46.1,mond_simple_btfr,48.903441684290364,1.0608121840410056,0.025638499212459007,0.025638499212459007
DDO161,66.3,mond_simple_btfr,76.10781231282921,1.147930804115071,0.05991571010315014,0.05991571010315014
ESO079-G014,175.0,mond_simple_btfr,147.8976398152607,0.8451293703729184,-0.07307680520588081,0.07307680520588081
ESO116-G012,109.1,mond_simple_btfr,86.93424403955038,0.7968308344596735,-0.09863386863984308,0.09863386863984308
ESO563-G021,314.6,mond_simple_btfr,233.88964509869035,0.7434508744395751,-0.1287477233958003,0.1287477233958003
F563-1,109.9,mond_simple_btfr,95.42975808217645,0.8683326486094308,-0.06131386954699408,0.06131386954699408
F563-V2,116.6,mond_simple_btfr,91.37759813591772,0.783684375093634,-0.10585881200234905,0.10585881200234905
F568-V1,112.3,mond_simple_btfr,95.51225299671253,0.8505098218763361,-0.07032066669331151,0.07032066669331151
F571-8,139.7,mond_simple_btfr,104.37478381317096,0.7471351740384464,-0.1266008171563595,0.1266008171563595
F574-1,97.8,mond_simple_btfr,106.09435611642161,1.0848093672435748,0.035353426637876675,0.035353426637876675
F579-V1,112.1,mond_simple_btfr,109.1425512517078,0.9736177631731294,-0.011611511218318424,0.011611511218318424
F583-1,85.8,mond_simple_btfr,85.27662230155448,0.9939000268246444,-0.002657297677082793,0.002657297677082793
IC4202,242.6,mond_simple_btfr,202.82767468835735,0.8360580160278539,-0.07776358480197347,0.07776358480197347
NGC0024,106.3,mond_simple_btfr,82.03380687682106,0.7717197260284202,-0.1125403985503548,0.1125403985503548
NGC0100,88.1,mond_simple_btfr,90.77112028141242,1.0303191859411172,0.012971787053553134,0.012971787053553134
NGC0801,220.1,mond_simple_btfr,233.65200456150848,1.0615720334461993,0.02594946874863761,0.02594946874863761
NGC0891,216.1,mond_simple_btfr,185.97001889440784,0.8605738958556587,-0.06521183168802491,0.06521183168802491
NGC1003,109.8,mond_simple_btfr,115.6445870046507,1.0532293898419918,0.02252296937451193,0.02252296937451193
NGC1090,164.4,mond_simple_btfr,166.02173646450927,1.0098645770347279,0.004263138743227084,0.004263138743227084
NGC2403,131.2,mond_simple_btfr,110.24451032869756,0.8402782799443412,-0.07557686223593398,0.07557686223593398
NGC2841,284.8,mond_simple_btfr,203.20508926920854,0.7135010156924457,-0.1466054043162431,0.1466054043162431
NGC2903,184.6,mond_simple_btfr,163.00101394766259,0.8829957418616609,-0.05404139074909375,0.05404139074909375
NGC2998,209.9,mond_simple_btfr,203.00530274915357,0.9671524666467536,-0.014505056212940999,0.014505056212940999
NGC3109,66.2,mond_simple_btfr,58.42069600023512,0.8824878549884458,-0.054291262764836715,0.054291262764836715
NGC3198,150.1,mond_simple_btfr,152.08838113024217,1.0132470428397213,0.00571534492765592,0.00571534492765592
NGC3521,213.7,mond_simple_btfr,166.22923152259304,0.7778625714674452,-0.10909712502238895,0.10909712502238895
NGC3741,50.1,mond_simple_btfr,44.93781360356508,0.8969623473765486,-0.04722578735703139,0.04722578735703139
NGC3893,174.0,mond_simple_btfr,155.77725548258672,0.8952715832332571,-0.04804520020590451,0.04804520020590451
NGC3917,135.9,mond_simple_btfr,121.07709754443219,0.890927870084122,-0.050157455213944484,0.050157455213944484
NGC3953,220.8,mond_simple_btfr,185.54302391673224,0.8403216662895482,-0.07555443875512911,0.07555443875512911
NGC3972,132.7,mond_simple_btfr,108.77711977639439,0.8197220781943813,-0.08633336757427709,0.08633336757427709
NGC3992,241.0,mond_simple_btfr,215.54875181595338,0.8943931610620472,-0.04847153025860267,0.04847153025860267
NGC4088,171.7,mond_simple_btfr,179.08410137546542,1.0430058321226874,0.01828673685569623,0.01828673685569623
NGC4100,158.2,mond_simple_btfr,152.34508350757056,0.9629904140807243,-0.01637803596224205,0.01637803596224205
NGC4157,184.7,mond_simple_btfr,178.50382978500846,0.9664527871413561,-0.014819357139629234,0.014819357139629234
NGC4183,110.6,mond_simple_btfr,112.56748447958442,1.0177891905929877,0.007657834147074695,0.007657834147074695
NGC4217,181.3,mond_simple_btfr,164.56986786479803,0.9077212789012576,-0.042047483656635284,0.042047483656635284
NGC4559,121.2,mond_simple_btfr,129.0537568121273,1.0647999736974199,0.027268031738720926,0.027268031738720926
NGC5005,262.2,mond_simple_btfr,195.1467290565953,0.7442667012074573,-0.1282714110838463,0.1282714110838463
NGC5033,194.2,mond_simple_btfr,182.92312352785737,0.9419316350559083,-0.02598061694747331,0.02598061694747331
NGC5055,179.0,mond_simple_btfr,195.67436701535522,1.0931528883539396,0.03868090662032965,0.03868090662032965
NGC5371,209.5,mond_simple_btfr,233.00117123781158,1.112177428342776,0.04617407681743924,0.04617407681743924
NGC5585,90.3,mond_simple_btfr,87.6731804538766,0.9709100825456988,-0.012820988899867566,0.012820988899867566
NGC5907,215.0,mond_simple_btfr,207.17487439754782,0.9636040669653387,-0.01610137569644498,0.01610137569644498
NGC5985,293.6,mond_simple_btfr,208.9857045175817,0.7118041707002101,-0.1476394716471766,0.1476394716471766
NGC6195,251.7,mond_simple_btfr,244.21381408208228,0.9702575052923412,-0.013112989150233383,0.013112989150233383
NGC6503,116.3,mond_simple_btfr,108.62491563471097,0.9340061533509112,-0.029650262573393812,0.029650262573393812
NGC6674,241.3,mond_simple_btfr,221.11914261914083,0.9163661111443879,-0.0379309801713472,0.0379309801713472
NGC6946,158.9,mond_simple_btfr,159.48938934178565,1.0037091840263415,0.0016078980002648797,0.0016078980002648797
NGC7331,239.0,mond_simple_btfr,217.31282111774829,0.9092586657646372,-0.04131255117418068,0.04131255117418068
NGC7814,218.9,mond_simple_btfr,157.5503783519389,0.7197367672541749,-0.1428263111130578,0.1428263111130578
UGC00128,129.3,mond_simple_btfr,126.13323815902407,0.9755084157697144,-0.01076897956871248,0.01076897956871248
UGC00731,73.3,mond_simple_btfr,79.9448151731708,1.0906523215985102,0.03768632815409113,0.03768632815409113
UGC01230,103.7,mond_simple_btfr,118.45347605253828,1.142270743033156,0.057769053357676105,0.057769053357676105
UGC01281,55.2,mond_simple_btfr,54.83044820711593,0.9933052211434045,-0.0029172817256814545,0.0029172817256814545
UGC02487,332.0,mond_simple_btfr,255.8063962500976,0.7705011935243904,-0.11322668421271918,0.11322668421271918
UGC02885,289.5,mond_simple_btfr,252.4573678120706,0.8720461755166514,-0.05946051823126302,0.05946051823126302
UGC03205,219.6,mond_simple_btfr,182.5245624593397,0.831168317210108,-0.08031101973753212,0.08031101973753212
UGC03546,196.9,mond_simple_btfr,171.42647505970544,0.8706270952752942,-0.06016782104556832,0.06016782104556832
UGC04278,91.4,mond_simple_btfr,76.38661333632798,0.8357397520385993,-0.07792894008433089,0.07792894008433089
UGC04325,90.9,mond_simple_btfr,74.31114545915385,0.8175043504857409,-0.08750992749101148,0.08750992749101148
UGC04499,72.8,mond_simple_btfr,77.27518022441258,1.0614722558298433,0.02590864730327099,0.02590864730327099
UGC05005,98.9,mond_simple_btfr,99.53749346226057,1.006445838849955,0.0027904086121613037,0.0027904086121613037
UGC05721,79.7,mond_simple_btfr,63.375963839724236,0.795181478541082,-0.09953374413021283,0.09953374413021283
UGC06399,85.0,mond_simple_btfr,75.53861772474737,0.8886896202911455,-0.05124989227080358,0.05124989227080358
UGC06446,82.2,mond_simple_btfr,78.03249834729075,0.9493004665120529,-0.022596305702399625,0.022596305702399625
UGC06614,199.8,mond_simple_btfr,195.2664340028341,0.9773094794936641,-0.009967888734234681,0.009967888734234681
UGC06667,83.8,mond_simple_btfr,72.91110304463042,0.8700608955206495,-0.060450350067506355,0.060450350067506355
UGC06786,219.4,mond_simple_btfr,162.13710829964702,0.7390023167714085,-0.13135420009034154,0.13135420009034154
UGC06917,108.7,mond_simple_btfr,99.30616113907692,0.9135801392739367,-0.03925335031702201,0.03925335031702201
UGC06930,107.2,mond_simple_btfr,108.71547819232303,1.0141369234358493,0.0060965951138061275,0.0060965951138061275
UGC06983,109.0,mond_simple_btfr,101.23530930663588,0.9287643055654669,-0.032094483831319784,0.032094483831319784
UGC07125,65.2,mond_simple_btfr,104.58601995535045,1.6040800606648842,0.2052260404052944,0.2052260404052944
UGC07151,73.5,mond_simple_btfr,74.75864189227823,1.0171243794867788,0.007374064055359748,0.007374064055359748
UGC07399,103.0,mond_simple_btfr,70.70039801933186,0.6864116312556491,-0.1634153659703244,0.1634153659703244
UGC07524,79.5,mond_simple_btfr,86.92018140339376,1.0933356151370284,0.038753495370418584,0.038753495370418584
UGC07603,61.6,mond_simple_btfr,53.92979327364615,0.8754836570397102,-0.057751956632183986,0.057751956632183986
UGC08286,82.4,mond_simple_btfr,69.69340071768121,0.8457936980301117,-0.07273555508524501,0.07273555508524501
UGC08490,78.6,mond_simple_btfr,69.51321923812193,0.8843921022661825,-0.05335514438089872,0.05335514438089872
UGC08550,56.9,mond_simple_btfr,53.838177748277104,0.946189415611197,-0.02402191442247963,0.02402191442247963
UGC09133,226.8,mond_simple_btfr,233.27024151484508,1.0285284017409395,0.012216288786269982,0.012216288786269982
UGC10310,71.4,mond_simple_btfr,79.12474939789317,1.1081897674774952,0.044614135763808946,0.044614135763808946
UGC11455,269.4,mond_simple_btfr,239.00674905675288,0.8871816965729507,-0.05198742668685567,0.05198742668685567
UGC11914,288.1,mond_simple_btfr,186.64148385420052,0.6478357648531777,-0.18853507971326838,0.18853507971326838
UGC12632,71.7,mond_simple_btfr,82.93089391518214,1.1566372930987745,0.06319719101608326,0.06319719101608326
UGCA442,56.4,mond_simple_btfr,50.84924692610069,0.9015823923067499,-0.04499457854878263,0.04499457854878263
D631-7,57.7,m3_scalar_q_only,49.98641288432383,0.8663156479085586,-0.06232384104487682,0.06232384104487682
DDO064,46.1,m3_scalar_q_only,46.40030888487196,1.0065142925134916,0.0028199462546493097,0.0028199462546493097
DDO161,66.3,m3_scalar_q_only,72.21221816381001,1.0891737279609353,0.0370971571453403,0.0370971571453403
ESO079-G014,175.0,m3_scalar_q_only,140.3274684647835,0.8018712483701914,-0.09589535816369053,0.09589535816369053
ESO116-G012,109.1,m3_scalar_q_only,82.48449673847348,0.7560448830290879,-0.12145242159765278,0.12145242159765278
ESO563-G021,314.6,m3_scalar_q_only,221.9179551331775,0.7053971873273283,-0.15156627635361009,0.15156627635361009
F563-1,109.9,m3_scalar_q_only,90.54516613385975,0.8238868620005436,-0.0841324225048039,0.0841324225048039
F563-V2,116.6,m3_scalar_q_only,86.70041683439051,0.7435713279107248,-0.12867736496015875,0.12867736496015875
F568-V1,112.3,m3_scalar_q_only,90.62343852909558,0.8069763003481352,-0.09313921965112136,0.09313921965112136
F571-8,139.7,m3_scalar_q_only,99.0323388686696,0.7088929052875419,-0.14941937011416934,0.14941937011416934
F574-1,97.8,m3_scalar_q_only,100.66389450714182,1.0292831749196505,0.01253487368006687,0.01253487368006687
F579-V1,112.1,m3_scalar_q_only,103.5560671425921,0.9237829361515799,-0.034430064176128206,0.034430064176128206
F583-1,85.8,m3_scalar_q_only,80.91172071273222,0.943027047933942,-0.025475850634892546,0.025475850634892546
IC4202,242.6,m3_scalar_q_only,192.44589811688775,0.7932642131776082,-0.10058213775978334,0.10058213775978334
NGC0024,106.3,m3_scalar_q_only,77.83488946769137,0.7322190918879715,-0.13535895150816452,0.13535895150816452
NGC0100,88.1,m3_scalar_q_only,86.12498167458007,0.9775820848419986,-0.009846765904256516,0.009846765904256516
NGC0801,220.1,m3_scalar_q_only,221.6924782761499,1.0072352488693772,0.003130915790827902,0.003130915790827902
NGC0891,216.1,m3_scalar_q_only,176.45110492904183,0.8165252426147239,-0.0880303846458347,0.0880303846458347
NGC1003,109.8,m3_scalar_q_only,109.725294847765,0.9993196252073315,-0.00029558358329784696,0.00029558358329784696
NGC1090,164.4,m3_scalar_q_only,157.52387947023948,0.9581744493323568,-0.01855541421458268,0.01855541421458268
NGC2403,131.2,m3_scalar_q_only,104.60162221580977,0.7972684620107453,-0.09839541519374366,0.09839541519374366
NGC2841,284.8,m3_scalar_q_only,192.80399465418682,0.6769803183082402,-0.16942395727405288,0.16942395727405288
NGC2903,184.6,m3_scalar_q_only,154.65777326155927,0.8377994217852616,-0.07685994370690355,0.07685994370690355
NGC2998,209.9,m3_scalar_q_only,192.61443424857305,0.9176485671680469,-0.03732360917075077,0.03732360917075077
NGC3109,66.2,m3_scalar_q_only,55.43042056589863,0.8373175312069279,-0.07710981572264654,0.07710981572264654
NGC3198,150.1,m3_scalar_q_only,144.30370581689195,0.9613837829239971,-0.017103208030153864,0.017103208030153864
NGC3521,213.7,m3_scalar_q_only,157.72075385076522,0.7380475145098981,-0.13191567798019865,0.13191567798019865
NGC3741,50.1,m3_scalar_q_only,42.637662299462306,0.8510511437018424,-0.07004434031484119,0.07004434031484119
NGC3893,174.0,m3_scalar_q_only,147.80376437087415,0.8494469216716906,-0.07086375316371425,0.07086375316371425
NGC3917,135.9,m3_scalar_q_only,114.87974120950561,0.8453255423804681,-0.07297600817175416,0.07297600817175416
NGC3953,220.8,m3_scalar_q_only,176.04596577780697,0.7973096276168794,-0.09837299171293892,0.09837299171293892
NGC3972,132.7,m3_scalar_q_only,103.20934035309001,0.7777644337082895,-0.10915192053208685,0.10915192053208685
NGC3992,241.0,m3_scalar_q_only,204.51584427485628,0.8486134617213953,-0.07129008321641242,0.07129008321641242
NGC4088,171.7,m3_scalar_q_only,169.91764452563393,0.9896193624090504,-0.004531816102113494,0.004531816102113494
NGC4100,158.2,m3_scalar_q_only,144.547268829827,0.9136995501253288,-0.03919658892005181,0.03919658892005181
NGC4157,184.7,m3_scalar_q_only,169.36707425681442,0.9169847009031642,-0.03763791009743899,0.03763791009743899
NGC4183,110.6,m3_scalar_q_only,106.80569445327251,0.9656934399030065,-0.015160718810735116,0.015160718810735116
NGC4217,181.3,m3_scalar_q_only,156.1463250657508,0.8612593770863254,-0.0648660366144451,0.0648660366144451
NGC4559,121.2,m3_scalar_q_only,122.44811351916505,1.0102979663297447,0.004449478780911167,0.004449478780911167
NGC5005,262.2,m3_scalar_q_only,185.15810327941,0.7061712558329901,-0.15108996404165603,0.15108996404165603
NGC5033,194.2,m3_scalar_q_only,173.5601655333951,0.8937186690700056,-0.04879916990528319,0.04879916990528319
NGC5055,179.0,m3_scalar_q_only,185.6587339798809,1.0371996311725191,0.015862353662520007,0.015862353662520007
NGC5371,209.5,m3_scalar_q_only,221.07495799103248,1.0552503961385797,0.023355523859629315,0.023355523859629315
NGC5585,90.3,m3_scalar_q_only,83.18561053926412,0.921213848718318,-0.03563954185767735,0.03563954185767735
NGC5907,215.0,m3_scalar_q_only,196.57058550786667,0.9142817930598449,-0.038919928654254775,0.038919928654254775
NGC5985,293.6,m3_scalar_q_only,198.28872791285394,0.6753703266786578,-0.17045802460498635,0.17045802460498635
NGC6195,251.7,m3_scalar_q_only,231.71367938713908,0.9205946737669412,-0.03593154210804317,0.03593154210804317
NGC6503,116.3,m3_scalar_q_only,103.06492681194786,0.8861988547888896,-0.052468815531203555,0.052468815531203555
NGC6674,241.3,m3_scalar_q_only,209.80111347014025,0.8694617217991721,-0.06074953312915698,0.06074953312915698
NGC6946,158.9,m3_scalar_q_only,151.32589188903108,0.9523341213910074,-0.021210654957544935,0.021210654957544935
NGC7331,239.0,m3_scalar_q_only,206.18961932377877,0.86271807248443,-0.06413110413199052,0.06413110413199052
NGC7814,218.9,m3_scalar_q_only,149.48612957862187,0.6828968916337226,-0.16564486407086762,0.16564486407086762
UGC00128,129.3,m3_scalar_q_only,119.67708221869216,0.9255768153031102,-0.033587532526522274,0.033587532526522274
UGC00731,73.3,m3_scalar_q_only,75.852823237403,1.0348270564447886,0.014867775196281267,0.014867775196281267
UGC01230,103.7,m3_scalar_q_only,112.39041032750404,1.0838033782787275,0.034950500399866344,0.034950500399866344
UGC01281,55.2,m3_scalar_q_only,52.02394035026435,0.9424626875047889,-0.025735834683491204,0.025735834683491204
UGC02487,332.0,m3_scalar_q_only,242.71289283394975,0.7310629302227403,-0.136045237170529,0.136045237170529
UGC02885,289.5,m3_scalar_q_only,239.5352851107168,0.8274103112632705,-0.08227907118907284,0.08227907118907284
UGC03205,219.6,m3_scalar_q_only,173.1820048957841,0.7886247946073958,-0.1031295726953419,0.1031295726953419
UGC03546,196.9,m3_scalar_q_only,162.65197540013497,0.8260638669382172,-0.08298637400337809,0.08298637400337809
UGC04278,91.4,m3_scalar_q_only,72.47674869913055,0.7929622395966143,-0.10074749304214062,0.10074749304214062
UGC04325,90.9,m3_scalar_q_only,70.5075140754569,0.7756602208521111,-0.11032848044882129,0.11032848044882129
UGC04499,72.8,m3_scalar_q_only,73.31983410686452,1.0071405783909961,0.0030900943454611448,0.0030900943454611448
UGC05005,98.9,m3_scalar_q_only,94.44264622705425,0.9549306999702148,-0.020028144345648476,0.020028144345648476
UGC05721,79.7,m3_scalar_q_only,60.132051993885185,0.7544799497350713,-0.12235229708802264,0.12235229708802264
UGC06399,85.0,m3_scalar_q_only,71.67215791870298,0.8432018578670939,-0.07406844522861342,0.07406844522861342
UGC06446,82.2,m3_scalar_q_only,74.03838874464469,0.900710325360641,-0.045414858660209355,0.045414858660209355
UGC06614,199.8,m3_scalar_q_only,185.27168110316288,0.9272856912070213,-0.032786441692044456,0.032786441692044456
UGC06667,83.8,m3_scalar_q_only,69.1791331221246,0.825526648235377,-0.0832689030253161,0.0832689030253161
UGC06786,219.4,m3_scalar_q_only,153.8380868032096,0.7011763300055132,-0.15417275304815126,0.15417275304815126
UGC06917,108.7,m3_scalar_q_only,94.22315469678382,0.8668183504763921,-0.06207190327483173,0.06207190327483173
UGC06930,107.2,m3_scalar_q_only,103.15085390627654,0.9622281147973557,-0.016721957844003734,0.016721957844003734
UGC06983,109.0,m3_scalar_q_only,96.0535590155084,0.8812253120688844,-0.054913036789129524,0.054913036789129524
UGC07125,65.2,m3_scalar_q_only,99.23276284512617,1.5219748902626713,0.1824074874474846,0.1824074874474846
UGC07151,73.5,m3_scalar_q_only,70.9321053108938,0.9650626572910721,-0.015444488902450183,0.015444488902450183
UGC07399,103.0,m3_scalar_q_only,67.08158349178551,0.6512775096289856,-0.18623391892813412,0.18623391892813412
UGC07524,79.5,m3_scalar_q_only,82.47115390126346,1.037373005047339,0.01593494241260878,0.01593494241260878
UGC07603,61.6,m3_scalar_q_only,51.169385626253856,0.8306718445820431,-0.0805705095899938,0.0805705095899938
UGC08286,82.4,m3_scalar_q_only,66.12612955575237,0.8025015722785481,-0.09555410804305473,0.09555410804305473
UGC08490,78.6,m3_scalar_q_only,65.95517070257273,0.8391243091930374,-0.07617369733870843,0.07617369733870843
UGC08550,56.9,m3_scalar_q_only,51.082459460541095,0.8977585142450105,-0.04684046738028935,0.04684046738028935
UGC09133,226.8,m3_scalar_q_only,221.33025585016262,0.9758829623023042,-0.010602264171539826,0.010602264171539826
UGC10310,71.4,m3_scalar_q_only,75.07473269881793,1.0514668445212594,0.021795582805999192,0.021795582805999192
UGC11455,269.4,m3_scalar_q_only,226.77313906446253,0.8417711175369805,-0.07480597964466547,0.07480597964466547
UGC11914,288.1,m3_scalar_q_only,177.0882008156849,0.6146761569444112,-0.2113536326710781,0.2113536326710781
UGC12632,71.7,m3_scalar_q_only,78.68605892004382,1.0974345735013085,0.040378638058273394,0.040378638058273394
UGCA442,56.4,m3_scalar_q_only,48.24651768204963,0.8554347106746388,-0.0678131315065924,0.0678131315065924
D631-7,57.7,m4a_halo_only,53.31735230904176,0.9240442341255071,-0.034307238545256635,0.034307238545256635
DDO064,46.1,m4a_halo_only,51.61208276794634,1.119567955920745,0.049050459670906654,0.049050459670906654
DDO161,66.3,m4a_halo_only,81.96995774448564,1.236349287247144,0.0921411828030931,0.0921411828030931
ESO079-G014,175.0,m4a_halo_only,153.42450878576943,0.8767114787758253,-0.05714330719453403,0.05714330719453403
ESO116-G012,109.1,m4a_halo_only,92.59787549913531,0.8487431301478947,-0.07122372794082085,0.07122372794082085
ESO563-G021,314.6,m4a_halo_only,253.4064564157114,0.8054877826309962,-0.09394104242810376,0.09394104242810376
F563-1,109.9,m4a_halo_only,101.53141101041533,0.9238526934523688,-0.0343972706855351,0.0343972706855351
F563-V2,116.6,m4a_halo_only,96.2360587736013,0.8253521335643337,-0.08336072170972002,0.08336072170972002
F568-V1,112.3,m4a_halo_only,100.64060478195164,0.8961763560280644,-0.04760651833638526,0.04760651833638526
F571-8,139.7,m4a_halo_only,110.55042691224978,0.7913416385987816,-0.10163598208252156,0.10163598208252156
F574-1,97.8,m4a_halo_only,110.11177428999484,1.1258872626788838,0.051494905925918655,0.051494905925918655
F579-V1,112.1,m4a_halo_only,116.08627804268072,1.035560018221951,0.015175274477416867,0.015175274477416867
F583-1,85.8,m4a_halo_only,90.85938657009581,1.0589672094416762,0.02488251253523157,0.02488251253523157
IC4202,242.6,m4a_halo_only,216.47088263388875,0.892295476644224,-0.049491308598036195,0.049491308598036195
NGC0024,106.3,m4a_halo_only,86.67043277566295,0.8153380317560014,-0.0886622993703862,0.0886622993703862
NGC0100,88.1,m4a_halo_only,98.15709556307013,1.1141554547454044,0.04694579086279415,0.04694579086279415
NGC0801,220.1,m4a_halo_only,245.09766108848004,1.1135741076259884,0.04671912434453403,0.04671912434453403
NGC0891,216.1,m4a_halo_only,198.539103020333,0.9187371726993661,-0.03680871143403164,0.03680871143403164
NGC1003,109.8,m4a_halo_only,127.09452762483886,1.1575093590604633,0.06352451119917675,0.06352451119917675
NGC1090,164.4,m4a_halo_only,178.81274990740445,1.0876687950572046,0.036496668912553466,0.036496668912553466
NGC2403,131.2,m4a_halo_only,119.53305683066041,0.9110751282824727,-0.04044580913763483,0.04044580913763483
NGC2841,284.8,m4a_halo_only,221.14064181197526,0.7764769726544075,-0.10987141926241917,0.10987141926241917
NGC2903,184.6,m4a_halo_only,173.29054721278158,0.938735358682457,-0.027456823562213382,0.027456823562213382
NGC2998,209.9,m4a_halo_only,216.23357970733954,1.0301742720692688,0.012910699458487917,0.012910699458487917
NGC3109,66.2,m4a_halo_only,60.601146575677014,0.9154251748591693,-0.038377148329866696,0.038377148329866696
NGC3198,150.1,m4a_halo_only,165.24669602700308,1.100910699713545,0.041752092637036095,0.041752092637036095
NGC3521,213.7,m4a_halo_only,177.76048299332606,0.8318225689907631,-0.07996930054336084,0.07996930054336084
NGC3741,50.1,m4a_halo_only,49.39173079144892,0.9858628900488806,-0.006183480835373096,0.006183480835373096
NGC3893,174.0,m4a_halo_only,167.31189672729678,0.9615626248695217,-0.017022425674511142,0.017022425674511142
NGC3917,135.9,m4a_halo_only,128.3974084712592,0.9447932926509139,-0.024663198560329315,0.024663198560329315
NGC3953,220.8,m4a_halo_only,192.29767613350313,0.8709133882857931,-0.06002503312078473,0.06002503312078473
NGC3972,132.7,m4a_halo_only,114.36935087221732,0.861863985472625,-0.06456126668054055,0.06456126668054055
NGC3992,241.0,m4a_halo_only,230.18309617788424,0.9551165816509719,-0.019943615141297028,0.019943615141297028
NGC4088,171.7,m4a_halo_only,193.28335876436032,1.1257038949584177,0.05142416875939218,0.05142416875939218
NGC4100,158.2,m4a_halo_only,164.24441407622098,1.038207421467895,0.016284129041996723,0.016284129041996723
NGC4157,184.7,m4a_halo_only,193.47349984570212,1.047501352710894,0.020154592473175473,0.020154592473175473
NGC4183,110.6,m4a_halo_only,119.28768175360766,1.0785504679349698,0.03284047158308503,0.03284047158308503
NGC4217,181.3,m4a_halo_only,174.52972907687754,0.96265708260826,-0.016528389566243543,0.016528389566243543
NGC4559,121.2,m4a_halo_only,139.70886203436353,1.1527133831218113,0.06172133539310012,0.06172133539310012
NGC5005,262.2,m4a_halo_only,197.49646465466282,0.7532283167607278,-0.12307336154203581,0.12307336154203581
NGC5033,194.2,m4a_halo_only,192.28174262335858,0.9901222586166766,-0.0043111761455451834,0.0043111761455451834
NGC5055,179.0,m4a_halo_only,212.062612472915,1.1847073322509218,0.07361107634872047,0.07361107634872047
NGC5371,209.5,m4a_halo_only,242.83988656506415,1.1591402700003062,0.0641359940317787,0.0641359940317787
NGC5585,90.3,m4a_halo_only,93.62765316919871,1.0368510871450578,0.01571638736775696,0.01571638736775696
NGC5907,215.0,m4a_halo_only,209.66943928085624,0.9752066943295639,-0.010903326154634546,0.010903326154634546
NGC5985,293.6,m4a_halo_only,221.15401546984154,0.7532493714912858,-0.12306122202829298,0.12306122202829298
NGC6195,251.7,m4a_halo_only,249.39478499434466,0.9908414183327162,-0.003995847688351957,0.003995847688351957
NGC6503,116.3,m4a_halo_only,115.02422131435557,0.9890302778534443,-0.004790412848325803,0.004790412848325803
NGC6674,241.3,m4a_halo_only,237.26249297066622,0.9832676874043357,-0.007328232588683543,0.007328232588683543
NGC6946,158.9,m4a_halo_only,171.77113572436693,1.081001483476192,0.0338262899432106,0.0338262899432106
NGC7331,239.0,m4a_halo_only,228.2053967441158,0.9548342960004845,-0.020071990276651866,0.020071990276651866
NGC7814,218.9,m4a_halo_only,164.59908996749152,0.7519373685129809,-0.12381833180461707,0.12381833180461707
UGC00128,129.3,m4a_halo_only,133.19660971606464,1.030136192699649,0.012894645897255388,0.012894645897255388
UGC00731,73.3,m4a_halo_only,83.55044525791908,1.1398423636823887,0.05684479404120883,0.05684479404120883
UGC01230,103.7,m4a_halo_only,125.67903163159885,1.211948231741551,0.08348406937717512,0.08348406937717512
UGC01281,55.2,m4a_halo_only,56.59786875752487,1.0253237093754506,0.010861000026683483,0.010861000026683483
UGC02487,332.0,m4a_halo_only,268.94511768343864,0.810075655673008,-0.09147441901399325,0.09147441901399325
UGC02885,289.5,m4a_halo_only,267.9255399206608,0.9254768218330253,-0.03363445349245784,0.03363445349245784
UGC03205,219.6,m4a_halo_only,196.74328812312538,0.8959166125825382,-0.04773241040545571,0.04773241040545571
UGC03546,196.9,m4a_halo_only,178.96872075063916,0.9089320505365117,-0.04146858232265649,0.04146858232265649
UGC04278,91.4,m4a_halo_only,79.44078140808993,0.8691551576377454,-0.060902688348816236,0.060902688348816236
UGC04325,90.9,m4a_halo_only,77.21289184749469,0.8494267529977413,-0.0708740648707405,0.0708740648707405
UGC04499,72.8,m4a_halo_only,81.40952833469596,1.1182627518502193,0.04854385924944147,0.04854385924944147
UGC05005,98.9,m4a_halo_only,106.11924294591643,1.0729953786240285,0.03059785146976715,0.03059785146976715
UGC05721,79.7,m4a_halo_only,69.50406644054378,0.872071097121001,-0.05944810700706415,0.05944810700706415
UGC06399,85.0,m4a_halo_only,79.18776867377045,0.9316208079267112,-0.030760819979745477,0.030760819979745477
UGC06446,82.2,m4a_halo_only,83.18917299910873,1.0120337347823447,0.0051949893670559565,0.0051949893670559565
UGC06614,199.8,m4a_halo_only,211.82721694893328,1.060196281025692,0.025386276467607195,0.025386276467607195
UGC06667,83.8,m4a_halo_only,73.78901586001074,0.8805371821003668,-0.05525230052569596,0.05525230052569596
UGC06786,219.4,m4a_halo_only,170.84571106294808,0.778695127907694,-0.10863254256264623,0.10863254256264623
UGC06917,108.7,m4a_halo_only,104.33054618752847,0.959802632819949,-0.017818063095400426,0.017818063095400426
UGC06930,107.2,m4a_halo_only,113.31954022629942,1.0570852633050318,0.02411001842329181,0.02411001842329181
UGC06983,109.0,m4a_halo_only,106.36490946102917,0.9758248574406346,-0.010628123186446703,0.010628123186446703
UGC07125,65.2,m4a_halo_only,111.27246923349932,1.7066329637039772,0.23214012979801618,0.23214012979801618
UGC07151,73.5,m4a_halo_only,78.92969793087273,1.0738734412363637,0.030953101650903737,0.030953101650903737
UGC07399,103.0,m4a_halo_only,73.83447925988595,0.7168396044649121,-0.14457800847229507,0.14457800847229507
UGC07524,79.5,m4a_halo_only,89.80885136279126,1.1296710863244184,0.052952013228856606,0.052952013228856606
UGC07603,61.6,m4a_halo_only,57.941492612499005,0.940608646306802,-0.02659103342953719,0.02659103342953719
UGC08286,82.4,m4a_halo_only,74.87094457286696,0.9086279681173174,-0.041613899469354995,0.041613899469354995
UGC08490,78.6,m4a_halo_only,75.55060558750922,0.9612036334288706,-0.017184596196137464,0.017184596196137464
UGC08550,56.9,m4a_halo_only,58.68102915994972,1.0313010397179214,0.013385455588847983,0.013385455588847983
UGC09133,226.8,m4a_halo_only,250.23468482756255,1.1033275345130624,0.042704456516240684,0.042704456516240684
UGC10310,71.4,m4a_halo_only,83.66752723115584,1.1718141068789334,0.06885872195516446,0.06885872195516446
UGC11455,269.4,m4a_halo_only,255.7805252520533,0.9494451568376144,-0.022530116520104705,0.022530116520104705
UGC11914,288.1,m4a_halo_only,193.97014552613706,0.673273674162225,-0.17180836665428795,0.17180836665428795
UGC12632,71.7,m4a_halo_only,87.54914529433222,1.2210480515248565,0.08673275493707805,0.08673275493707805
UGCA442,56.4,m4a_halo_only,52.88903485530941,0.9377488449522946,-0.027913462107822112,0.027913462107822112
D631-7,57.7,m4b_halo_star_gas,53.31735230904176,0.9240442341255071,-0.034307238545256635,0.034307238545256635
DDO064,46.1,m4b_halo_star_gas,51.61208276794634,1.119567955920745,0.049050459670906654,0.049050459670906654
DDO161,66.3,m4b_halo_star_gas,81.96995774448564,1.236349287247144,0.0921411828030931,0.0921411828030931
ESO079-G014,175.0,m4b_halo_star_gas,155.54974769605994,0.8888557011203425,-0.05116873767293061,0.05116873767293061
ESO116-G012,109.1,m4b_halo_star_gas,92.59787549913531,0.8487431301478947,-0.07122372794082085,0.07122372794082085
ESO563-G021,314.6,m4b_halo_star_gas,253.4064564157114,0.8054877826309962,-0.09394104242810376,0.09394104242810376
F563-1,109.9,m4b_halo_star_gas,101.53141101041533,0.9238526934523688,-0.0343972706855351,0.0343972706855351
F563-V2,116.6,m4b_halo_star_gas,96.2360587736013,0.8253521335643337,-0.08336072170972002,0.08336072170972002
F568-V1,112.3,m4b_halo_star_gas,100.64060478195164,0.8961763560280644,-0.04760651833638526,0.04760651833638526
F571-8,139.7,m4b_halo_star_gas,110.55042691224978,0.7913416385987816,-0.10163598208252156,0.10163598208252156
F574-1,97.8,m4b_halo_star_gas,110.11177428999484,1.1258872626788838,0.051494905925918655,0.051494905925918655
F579-V1,112.1,m4b_halo_star_gas,116.08627804268072,1.035560018221951,0.015175274477416867,0.015175274477416867
F583-1,85.8,m4b_halo_star_gas,90.85938657009581,1.0589672094416762,0.02488251253523157,0.02488251253523157
IC4202,242.6,m4b_halo_star_gas,217.76559834130646,0.8976323097333325,-0.04690152363876111,0.04690152363876111
NGC0024,106.3,m4b_halo_star_gas,86.67043277566295,0.8153380317560014,-0.0886622993703862,0.0886622993703862
NGC0100,88.1,m4b_halo_star_gas,98.15709556307013,1.1141554547454044,0.04694579086279415,0.04694579086279415
NGC0801,220.1,m4b_halo_star_gas,245.30305073273442,1.1145072727520873,0.04708290682773633,0.04708290682773633
NGC0891,216.1,m4b_halo_star_gas,209.19936021787424,0.9680673772229257,-0.014094414863299678,0.014094414863299678
NGC1003,109.8,m4b_halo_star_gas,127.09452762483886,1.1575093590604633,0.06352451119917675,0.06352451119917675
NGC1090,164.4,m4b_halo_star_gas,178.81274990740445,1.0876687950572046,0.036496668912553466,0.036496668912553466
NGC2403,131.2,m4b_halo_star_gas,119.53305683066041,0.9110751282824727,-0.04044580913763483,0.04044580913763483
NGC2841,284.8,m4b_halo_star_gas,226.40100499299214,0.7949473489922476,-0.09966163461315164,0.09966163461315164
NGC2903,184.6,m4b_halo_star_gas,182.95958228893582,0.9911136635370305,-0.0038765366184054227,0.0038765366184054227
NGC2998,209.9,m4b_halo_star_gas,216.23357970733954,1.0301742720692688,0.012910699458487917,0.012910699458487917
NGC3109,66.2,m4b_halo_star_gas,60.601146575677014,0.9154251748591693,-0.038377148329866696,0.038377148329866696
NGC3198,150.1,m4b_halo_star_gas,165.24669602700308,1.100910699713545,0.041752092637036095,0.041752092637036095
NGC3521,213.7,m4b_halo_star_gas,182.6594807259676,0.8547472191201104,-0.06816230348574681,0.06816230348574681
NGC3741,50.1,m4b_halo_star_gas,49.39173079144892,0.9858628900488806,-0.006183480835373096,0.006183480835373096
NGC3893,174.0,m4b_halo_star_gas,167.31189672729678,0.9615626248695217,-0.017022425674511142,0.017022425674511142
NGC3917,135.9,m4b_halo_star_gas,128.3974084712592,0.9447932926509139,-0.024663198560329315,0.024663198560329315
NGC3953,220.8,m4b_halo_star_gas,208.20254228904346,0.9429462965989287,-0.02551304083095304,0.02551304083095304
NGC3972,132.7,m4b_halo_star_gas,114.36935087221732,0.861863985472625,-0.06456126668054055,0.06456126668054055
NGC3992,241.0,m4b_halo_star_gas,230.595749855858,0.9568288375761743,-0.019165744087819955,0.019165744087819955
NGC4088,171.7,m4b_halo_star_gas,193.28335876436032,1.1257038949584177,0.05142416875939218,0.05142416875939218
NGC4100,158.2,m4b_halo_star_gas,168.0979387146311,1.0625659842897037,0.02635590881469611,0.02635590881469611
NGC4157,184.7,m4b_halo_star_gas,193.47349984570212,1.047501352710894,0.020154592473175473,0.020154592473175473
NGC4183,110.6,m4b_halo_star_gas,119.28768175360766,1.0785504679349698,0.03284047158308503,0.03284047158308503
NGC4217,181.3,m4b_halo_star_gas,184.66812012489052,1.0185776068664671,0.007994124106772303,0.007994124106772303
NGC4559,121.2,m4b_halo_star_gas,139.70886203436353,1.1527133831218113,0.06172133539310012,0.06172133539310012
NGC5005,262.2,m4b_halo_star_gas,225.72847723435012,0.8609018963934025,-0.06504633551785671,0.06504633551785671
NGC5033,194.2,m4b_halo_star_gas,192.28174262335858,0.9901222586166766,-0.0043111761455451834,0.0043111761455451834
NGC5055,179.0,m4b_halo_star_gas,212.062612472915,1.1847073322509218,0.07361107634872047,0.07361107634872047
NGC5371,209.5,m4b_halo_star_gas,255.60627331477252,1.2200776769201553,0.08638748115335813,0.08638748115335813
NGC5585,90.3,m4b_halo_star_gas,93.62765316919871,1.0368510871450578,0.01571638736775696,0.01571638736775696
NGC5907,215.0,m4b_halo_star_gas,209.66943928085624,0.9752066943295639,-0.010903326154634546,0.010903326154634546
NGC5985,293.6,m4b_halo_star_gas,225.4837000156005,0.7679962534591297,-0.11464089859608559,0.11464089859608559
NGC6195,251.7,m4b_halo_star_gas,254.8755331941586,1.0126163416533913,0.005444931773541982,0.005444931773541982
NGC6503,116.3,m4b_halo_star_gas,115.02422131435557,0.9890302778534443,-0.004790412848325803,0.004790412848325803
NGC6674,241.3,m4b_halo_star_gas,237.26249297066622,0.9832676874043357,-0.007328232588683543,0.007328232588683543
NGC6946,158.9,m4b_halo_star_gas,171.77113572436693,1.081001483476192,0.0338262899432106,0.0338262899432106
NGC7331,239.0,m4b_halo_star_gas,235.9853427267854,0.98738637124178,-0.0055128715820931045,0.0055128715820931045
NGC7814,218.9,m4b_halo_star_gas,181.48697172263874,0.8290862116155264,-0.08140030746879862,0.08140030746879862
UGC00128,129.3,m4b_halo_star_gas,133.19660971606464,1.030136192699649,0.012894645897255388,0.012894645897255388
UGC00731,73.3,m4b_halo_star_gas,83.55044525791908,1.1398423636823887,0.05684479404120883,0.05684479404120883
UGC01230,103.7,m4b_halo_star_gas,125.67903163159885,1.211948231741551,0.08348406937717512,0.08348406937717512
UGC01281,55.2,m4b_halo_star_gas,56.59786875752487,1.0253237093754506,0.010861000026683483,0.010861000026683483
UGC02487,332.0,m4b_halo_star_gas,281.24738198881255,0.8471306686410016,-0.0720495952267654,0.0720495952267654
UGC02885,289.5,m4b_halo_star_gas,267.9255399206608,0.9254768218330253,-0.03363445349245784,0.03363445349245784
UGC03205,219.6,m4b_halo_star_gas,196.74328812312538,0.8959166125825382,-0.04773241040545571,0.04773241040545571
UGC03546,196.9,m4b_halo_star_gas,190.7823770870142,0.9689303051651305,-0.013707460483560212,0.013707460483560212
UGC04278,91.4,m4b_halo_star_gas,79.44078140808993,0.8691551576377454,-0.060902688348816236,0.060902688348816236
UGC04325,90.9,m4b_halo_star_gas,77.21289184749469,0.8494267529977413,-0.0708740648707405,0.0708740648707405
UGC04499,72.8,m4b_halo_star_gas,81.40952833469596,1.1182627518502193,0.04854385924944147,0.04854385924944147
UGC05005,98.9,m4b_halo_star_gas,106.11924294591643,1.0729953786240285,0.03059785146976715,0.03059785146976715
UGC05721,79.7,m4b_halo_star_gas,69.50406644054378,0.872071097121001,-0.05944810700706415,0.05944810700706415
UGC06399,85.0,m4b_halo_star_gas,79.18776867377045,0.9316208079267112,-0.030760819979745477,0.030760819979745477
UGC06446,82.2,m4b_halo_star_gas,83.18917299910873,1.0120337347823447,0.0051949893670559565,0.0051949893670559565
UGC06614,199.8,m4b_halo_star_gas,211.82721694893328,1.060196281025692,0.025386276467607195,0.025386276467607195
UGC06667,83.8,m4b_halo_star_gas,73.78901586001074,0.8805371821003668,-0.05525230052569596,0.05525230052569596
UGC06786,219.4,m4b_halo_star_gas,171.87582527985538,0.783390270190772,-0.10602182674870801,0.10602182674870801
UGC06917,108.7,m4b_halo_star_gas,104.33054618752847,0.959802632819949,-0.017818063095400426,0.017818063095400426
UGC06930,107.2,m4b_halo_star_gas,113.31954022629942,1.0570852633050318,0.02411001842329181,0.02411001842329181
UGC06983,109.0,m4b_halo_star_gas,106.36490946102917,0.9758248574406346,-0.010628123186446703,0.010628123186446703
UGC07125,65.2,m4b_halo_star_gas,111.27246923349932,1.7066329637039772,0.23214012979801618,0.23214012979801618
UGC07151,73.5,m4b_halo_star_gas,78.92969793087273,1.0738734412363637,0.030953101650903737,0.030953101650903737
UGC07399,103.0,m4b_halo_star_gas,73.83447925988595,0.7168396044649121,-0.14457800847229507,0.14457800847229507
UGC07524,79.5,m4b_halo_star_gas,89.80885136279126,1.1296710863244184,0.052952013228856606,0.052952013228856606
UGC07603,61.6,m4b_halo_star_gas,57.941492612499005,0.940608646306802,-0.02659103342953719,0.02659103342953719
UGC08286,82.4,m4b_halo_star_gas,74.87094457286696,0.9086279681173174,-0.041613899469354995,0.041613899469354995
UGC08490,78.6,m4b_halo_star_gas,75.55060558750922,0.9612036334288706,-0.017184596196137464,0.017184596196137464
UGC08550,56.9,m4b_halo_star_gas,58.68102915994972,1.0313010397179214,0.013385455588847983,0.013385455588847983
UGC09133,226.8,m4b_halo_star_gas,250.23468482756255,1.1033275345130624,0.042704456516240684,0.042704456516240684
UGC10310,71.4,m4b_halo_star_gas,83.66752723115584,1.1718141068789334,0.06885872195516446,0.06885872195516446
UGC11455,269.4,m4b_halo_star_gas,267.93790871787155,0.9945727866290704,-0.002363428050221513,0.002363428050221513
UGC11914,288.1,m4b_halo_star_gas,223.7958505216489,0.7767992034767404,-0.10969122842167066,0.10969122842167066
UGC12632,71.7,m4b_halo_star_gas,87.54914529433222,1.2210480515248565,0.08673275493707805,0.08673275493707805
UGCA442,56.4,m4b_halo_star_gas,52.88903485530941,0.9377488449522946,-0.027913462107822112,0.027913462107822112
D631-7,57.7,m4c_full_frozen,53.31735230904176,0.9240442341255071,-0.034307238545256635,0.034307238545256635
DDO064,46.1,m4c_full_frozen,51.61208276794634,1.119567955920745,0.049050459670906654,0.049050459670906654
DDO161,66.3,m4c_full_frozen,81.96995774448564,1.236349287247144,0.0921411828030931,0.0921411828030931
ESO079-G014,175.0,m4c_full_frozen,163.14195171426232,0.932239724081499,-0.030472395093818046,0.030472395093818046
ESO116-G012,109.1,m4c_full_frozen,92.59787549913531,0.8487431301478947,-0.07122372794082085,0.07122372794082085
ESO563-G021,314.6,m4c_full_frozen,265.77493367224196,0.8448027135163444,-0.0732446998489913,0.0732446998489913
F563-1,109.9,m4c_full_frozen,101.53141101041533,0.9238526934523688,-0.0343972706855351,0.0343972706855351
F563-V2,116.6,m4c_full_frozen,96.2360587736013,0.8253521335643337,-0.08336072170972002,0.08336072170972002
F568-V1,112.3,m4c_full_frozen,100.64060478195164,0.8961763560280644,-0.04760651833638526,0.04760651833638526
F571-8,139.7,m4c_full_frozen,110.55042691224978,0.7913416385987816,-0.10163598208252156,0.10163598208252156
F574-1,97.8,m4c_full_frozen,110.11177428999484,1.1258872626788838,0.051494905925918655,0.051494905925918655
F579-V1,112.1,m4c_full_frozen,116.08627804268072,1.035560018221951,0.015175274477416867,0.015175274477416867
F583-1,85.8,m4c_full_frozen,90.85938657009581,1.0589672094416762,0.02488251253523157,0.02488251253523157
IC4202,242.6,m4c_full_frozen,228.3944863674295,0.9414447088517292,-0.026205181059648613,0.026205181059648613
NGC0024,106.3,m4c_full_frozen,86.67043277566295,0.8153380317560014,-0.0886622993703862,0.0886622993703862
NGC0100,88.1,m4c_full_frozen,98.15709556307013,1.1141554547454044,0.04694579086279415,0.04694579086279415
NGC0801,220.1,m4c_full_frozen,245.30305073273442,1.1145072727520873,0.04708290682773633,0.04708290682773633
NGC0891,216.1,m4c_full_frozen,229.16641721395717,1.0604646793797186,0.02549620816051276,0.02549620816051276
NGC1003,109.8,m4c_full_frozen,127.09452762483886,1.1575093590604633,0.06352451119917675,0.06352451119917675
NGC1090,164.4,m4c_full_frozen,187.54039426852225,1.1407566561345635,0.05719301149166602,0.05719301149166602
NGC2403,131.2,m4c_full_frozen,119.53305683066041,0.9110751282824727,-0.04044580913763483,0.04044580913763483
NGC2841,284.8,m4c_full_frozen,248.0098749530031,0.8708211901439715,-0.06007101158933916,0.06007101158933916
NGC2903,184.6,m4c_full_frozen,191.88962876215083,1.0394887798599721,0.016819805960707132,0.016819805960707132
NGC2998,209.9,m4c_full_frozen,216.23357970733954,1.0301742720692688,0.012910699458487917,0.012910699458487917
NGC3109,66.2,m4c_full_frozen,60.601146575677014,0.9154251748591693,-0.038377148329866696,0.038377148329866696
NGC3198,150.1,m4c_full_frozen,165.24669602700308,1.100910699713545,0.041752092637036095,0.041752092637036095
NGC3521,213.7,m4c_full_frozen,191.57487958756008,0.8964664463620032,-0.047465960906634255,0.047465960906634255
NGC3741,50.1,m4c_full_frozen,49.39173079144892,0.9858628900488806,-0.006183480835373096,0.006183480835373096
NGC3893,174.0,m4c_full_frozen,167.31189672729678,0.9615626248695217,-0.017022425674511142,0.017022425674511142
NGC3917,135.9,m4c_full_frozen,128.3974084712592,0.9447932926509139,-0.024663198560329315,0.024663198560329315
NGC3953,220.8,m4c_full_frozen,218.36466856426898,0.9889704192222326,-0.004816698251840473,0.004816698251840473
NGC3972,132.7,m4c_full_frozen,119.95158715425819,0.9039305738828802,-0.043864924101427935,0.043864924101427935
NGC3992,241.0,m4c_full_frozen,241.85086279925486,1.0035305510342525,0.0015305984912925964,0.0015305984912925964
NGC4088,171.7,m4c_full_frozen,202.7172968761069,1.1806482054519913,0.0721205113385047,0.0721205113385047
NGC4100,158.2,m4c_full_frozen,176.30260548306896,1.1144286060876674,0.04705225139380857,0.04705225139380857
NGC4157,184.7,m4c_full_frozen,211.93960028992663,1.1474802397938637,0.05974521549698781,0.05974521549698781
NGC4183,110.6,m4c_full_frozen,119.28768175360766,1.0785504679349698,0.03284047158308503,0.03284047158308503
NGC4217,181.3,m4c_full_frozen,202.29379008895256,1.1157958637007863,0.04758474713058482,0.04758474713058482
NGC4559,121.2,m4c_full_frozen,139.70886203436353,1.1527133831218113,0.06172133539310012,0.06172133539310012
NGC5005,262.2,m4c_full_frozen,236.74602420736102,0.9029215263438636,-0.044349992938744226,0.044349992938744226
NGC5033,194.2,m4c_full_frozen,192.28174262335858,0.9901222586166766,-0.0043111761455451834,0.0043111761455451834
NGC5055,179.0,m4c_full_frozen,222.41314432767118,1.2425315325568222,0.09430741892783294,0.09430741892783294
NGC5371,209.5,m4c_full_frozen,268.0821211003315,1.2796282630087423,0.10708382373247062,0.10708382373247062
NGC5585,90.3,m4c_full_frozen,93.62765316919871,1.0368510871450578,0.01571638736775696,0.01571638736775696
NGC5907,215.0,m4c_full_frozen,209.66943928085624,0.9752066943295639,-0.010903326154634546,0.010903326154634546
NGC5985,293.6,m4c_full_frozen,247.00501769654477,0.8412977441980407,-0.07505027557227313,0.07505027557227313
NGC6195,251.7,m4c_full_frozen,279.2021577731948,1.1092656248438413,0.04503555479735446,0.04503555479735446
NGC6503,116.3,m4c_full_frozen,115.02422131435557,0.9890302778534443,-0.004790412848325803,0.004790412848325803
NGC6674,241.3,m4c_full_frozen,259.9080388998896,1.077115784914586,0.03226239043512893,0.03226239043512893
NGC6946,158.9,m4c_full_frozen,171.77113572436693,1.081001483476192,0.0338262899432106,0.0338262899432106
NGC7331,239.0,m4c_full_frozen,258.5089909040961,1.0816275770045862,0.034077751441719296,0.034077751441719296
NGC7814,218.9,m4c_full_frozen,206.92698513381484,0.9453037237725667,-0.024428631315380266,0.024428631315380266
UGC00128,129.3,m4c_full_frozen,133.19660971606464,1.030136192699649,0.012894645897255388,0.012894645897255388
UGC00731,73.3,m4c_full_frozen,83.55044525791908,1.1398423636823887,0.05684479404120883,0.05684479404120883
UGC01230,103.7,m4c_full_frozen,125.67903163159885,1.211948231741551,0.08348406937717512,0.08348406937717512
UGC01281,55.2,m4c_full_frozen,56.59786875752487,1.0253237093754506,0.010861000026683483,0.010861000026683483
UGC02487,332.0,m4c_full_frozen,344.45628868310934,1.0375189418165944,0.01599603430107525,0.01599603430107525
UGC02885,289.5,m4c_full_frozen,267.9255399206608,0.9254768218330253,-0.03363445349245784,0.03363445349245784
UGC03205,219.6,m4c_full_frozen,224.3218621711867,1.0215021046046753,0.00923926574796271,0.00923926574796271
UGC03546,196.9,m4c_full_frozen,225.73675281123442,1.146453797923994,0.05935655735555879,0.05935655735555879
UGC04278,91.4,m4c_full_frozen,79.44078140808993,0.8691551576377454,-0.060902688348816236,0.060902688348816236
UGC04325,90.9,m4c_full_frozen,77.21289184749469,0.8494267529977413,-0.0708740648707405,0.0708740648707405
UGC04499,72.8,m4c_full_frozen,81.40952833469596,1.1182627518502193,0.04854385924944147,0.04854385924944147
UGC05005,98.9,m4c_full_frozen,106.11924294591643,1.0729953786240285,0.03059785146976715,0.03059785146976715
UGC05721,79.7,m4c_full_frozen,69.50406644054378,0.872071097121001,-0.05944810700706415,0.05944810700706415
UGC06399,85.0,m4c_full_frozen,79.18776867377045,0.9316208079267112,-0.030760819979745477,0.030760819979745477
UGC06446,82.2,m4c_full_frozen,83.18917299910873,1.0120337347823447,0.0051949893670559565,0.0051949893670559565
UGC06614,199.8,m4c_full_frozen,250.63734314036813,1.2544411568586993,0.09845029430672628,0.09845029430672628
UGC06667,83.8,m4c_full_frozen,73.78901586001074,0.8805371821003668,-0.05525230052569596,0.05525230052569596
UGC06786,219.4,m4c_full_frozen,210.5040355276997,0.9594532157142192,-0.017976197220867438,0.017976197220867438
UGC06917,108.7,m4c_full_frozen,104.33054618752847,0.959802632819949,-0.017818063095400426,0.017818063095400426
UGC06930,107.2,m4c_full_frozen,113.31954022629942,1.0570852633050318,0.02411001842329181,0.02411001842329181
UGC06983,109.0,m4c_full_frozen,106.36490946102917,0.9758248574406346,-0.010628123186446703,0.010628123186446703
UGC07125,65.2,m4c_full_frozen,111.27246923349932,1.7066329637039772,0.23214012979801618,0.23214012979801618
UGC07151,73.5,m4c_full_frozen,78.92969793087273,1.0738734412363637,0.030953101650903737,0.030953101650903737
UGC07399,103.0,m4c_full_frozen,73.83447925988595,0.7168396044649121,-0.14457800847229507,0.14457800847229507
UGC07524,79.5,m4c_full_frozen,89.80885136279126,1.1296710863244184,0.052952013228856606,0.052952013228856606
UGC07603,61.6,m4c_full_frozen,57.941492612499005,0.940608646306802,-0.02659103342953719,0.02659103342953719
UGC08286,82.4,m4c_full_frozen,74.87094457286696,0.9086279681173174,-0.041613899469354995,0.041613899469354995
UGC08490,78.6,m4c_full_frozen,75.55060558750922,0.9612036334288706,-0.017184596196137464,0.017184596196137464
UGC08550,56.9,m4c_full_frozen,58.68102915994972,1.0313010397179214,0.013385455588847983,0.013385455588847983
UGC09133,226.8,m4c_full_frozen,285.31143814781495,1.2579869406870148,0.09967613266965906,0.09967613266965906
UGC10310,71.4,m4c_full_frozen,83.66752723115584,1.1718141068789334,0.06885872195516446,0.06885872195516446
UGC11455,269.4,m4c_full_frozen,267.93790871787155,0.9945727866290704,-0.002363428050221513,0.002363428050221513
UGC11914,288.1,m4c_full_frozen,255.1665290039442,0.8856873620407643,-0.05271955226825226,0.05271955226825226
UGC12632,71.7,m4c_full_frozen,87.54914529433222,1.2210480515248565,0.08673275493707805,0.08673275493707805
UGCA442,56.4,m4c_full_frozen,52.88903485530941,0.9377488449522946,-0.027913462107822112,0.027913462107822112
