galaxy_name,Q,T,Vflat,e_Vflat,L36,MHI,Rdisk,RHI,Reff,SBeff,SBdisk,D,Inc,Ref,_Vflat,_L36,_MHI,_Rdisk,_T,M_star_Msun,M_gas_Msun,M_baryon_Msun,star_frac,gas_frac,r_over_Rdisk_eval,H_halo,S_star_gas,S_internal,S_struct,Q_eff,v_m5_bdvr_km_s,v_flat_obs_km_s,velocity_ratio_pred_over_obs,log10_velocity_error,abs_log10_velocity_error,log10_SBeff,log10_SBdisk,stellar_to_gas_ratio,log10_M_baryon_Msun,RHI_over_Rdisk,Reff_over_Rdisk,Sigma_baryon_Msun_kpc2,Sigma_star_Msun_kpc2,Sigma_gas_Msun_kpc2,log10_v_flat_obs,log10_Sigma_baryon,log10_Sigma_star,log10_Sigma_gas,log10_stellar_to_gas_ratio,sample_btfr_log10_v_pred,sample_btfr_log10_v_residual,sample_btfr_slope_logv_logm,sample_btfr_intercept_logv,A_source_required,A_Q_required,participation_fraction_required,gas_participation_required,gas_participation_required_status,ugc07125_hard_analog,ugc07125_regime_score,ugc07125_analog_distance,A_source_required_m6g,A_Q_required_m6g,sample_btfr_log10_v_residual_m6g,drive_star_frac,drive_sigma_star,drive_stellar_to_gas,bleed_gas_frac,bleed_hi_extent,bleed_low_sigma_baryon,bleed_low_v_for_mass_symptom
D631-7,1.0,10.0,57.7,2.7,0.196,0.29,0.7,0.0,1.22,20.93,115.04,7.72,59.0,"Tr09,dB01",57.7,0.196,0.29,0.7,10.0,98000000.0,385700000.0,483700000.0,0.2026049204052098,0.7973950795947902,1.5,1.1377142691005784,1.0,1.0,1.0,1.0242267142793506,53.31735230904176,57.7,0.9240442341255072,-0.0343072385452566,0.0343072385452566,1.3207692283386865,2.0608488730388075,0.2540834845735027,8.684576087388455,0.0,1.7428571428571429,157108665.25214243,31830988.618379075,125277676.63376336,1.7611758131557314,8.196200139001826,7.502850127305866,8.097873690479414,-0.595023563173547,1.7446572878119961,0.016518525343735213,0.2597665671999078,-0.5113052299953095,1.371604667038468,1.171155270251758,1.371604667038468,1.4660232757233782,more_than_total_gas_required,False,3.0,6.288758960829702,1.371604667038468,1.171155270251758,0.0165185253437352,0.2026049204052098,0.22595237422974285,0.0775492717067151,0.7973950795947902,0.0,0.6649697796545346,0.43938245810186516
DDO064,1.0,10.0,46.1,3.9,0.157,0.211,0.69,3.49,1.2,17.41,151.65,6.8,60.0,"dB02,Sw02",46.1,0.157,0.211,0.69,10.0,78500000.0,280630000.0,359130000.0,0.2185837997382563,0.7814162002617436,3.3985507246376816,1.2372601544216606,1.0,1.0,1.0,1.113842848849803,51.61208276794634,46.1,1.119567955920745,0.0490504596709066,0.0490504596709066,1.2407987711173312,2.1808424146466825,0.279727755407476,8.555251685522226,5.057971014492754,1.7391304347826089,120053170.9989338,26241678.28757359,93811492.71136022,1.6637009253896482,8.0793736356896,7.418991606912627,7.972256046432153,-0.5532644395195259,1.7110631318840244,-0.04736220649437617,0.2597665671999078,-0.5113052299953095,0.6364996384768451,0.7978092744991406,0.6364996384768448,0.5348184982581664,partial_gas_participation_can_match_observed_vflat,True,4.0,4.365672222146655,0.6364996384768451,0.7978092744991406,-0.0473622064943761,0.2185837997382563,0.18474078070899894,0.09979297087455413,0.7814162002617436,0.22083864230077457,0.7468030905208625,0.7834103960877729
DDO161,1.0,10.0,66.3,1.9,0.548,1.378,1.22,10.69,2.04,20.74,169.37,7.5,70.0,Co00,66.3,0.548,1.378,1.22,10.0,274000000.0,1832740000.0,2106740000.0,0.1300587637772103,0.8699412362227897,5.217213114754099,1.288510765160399,1.0,1.0,1.0,1.1599811860996694,81.96995774448564,66.3,1.236349287247144,0.0921411828030931,0.0921411828030931,1.316808752053022,2.228836487527934,0.1495029300391763,9.32361094114549,8.762295081967213,1.6721311475409837,225274176.84051302,29298880.95080578,195975295.88970724,1.8215135284047732,8.352711411437879,7.466851033112777,8.292201328831082,-0.8253502957183049,1.9106571780935564,-0.08914364968878319,0.2597665671999078,-0.5113052299953095,0.4279916230551355,0.654210687053594,0.4279916230551355,0.3424746946949246,partial_gas_participation_can_match_observed_vflat,True,4.0,3.387053710833753,0.4279916230551355,0.654210687053594,-0.0891436496887831,0.1300587637772103,0.20826090972448336,0.0,0.8699412362227897,0.6225222049933531,0.5553385294825224,1.0
ESO079-G014,1.0,4.0,175.0,3.5,51.733,3.14,5.08,17.67,7.23,157.34,2295.25,28.7,79.0,Ge04,175.0,51.733,3.14,5.08,4.0,25866500000.0,4176200000.000001,30042700000.0,0.8609911892073615,0.1390088107926385,2.450787401574804,1.195374816009664,1.027895912459201,1.1,1.130685503705121,1.2167709155139317,163.14195171426232,175.0,0.932239724081499,-0.030472395093818,0.030472395093818,2.196839145833112,3.3608299960638286,6.1937886116565295,10.477738961035453,3.478346456692914,1.423228346456693,185281333.6547091,159525595.8012939,25755737.85341518,2.2430380486862944,8.2678316681095,8.20283037531437,7.410873996114347,0.7919563792000226,2.2104610519295984,0.03257699675669601,0.2597665671999078,-0.5113052299953095,1.3240048633900587,1.1506541024087382,1.3240048633900583,3.3308224963767312,more_than_total_gas_required,False,0.5,7.447985889925733,1.3240048633900587,1.1506541024087382,0.032576996756696,0.8609911892073615,0.5699520217098312,0.8163474525687696,0.1390088107926385,0.049549843444057474,0.6147941343762324,0.3528999985488489
ESO116-G012,1.0,7.0,109.1,3.1,4.292,1.083,1.51,9.58,2.75,90.54,1320.78,13.0,74.0,Ge04,109.1,4.292,1.083,1.51,7.0,2146000000.0,1440390000.0,3586390000.0,0.5983732945942856,0.4016267054057144,4.082781456953643,1.260251976740183,1.0,1.0,1.0,1.1345412256462997,92.59787549913533,109.1,0.8487431301478947,-0.0712237279408208,0.0712237279408208,1.9568404901592336,3.1208304839711203,1.489874270162942,9.554657514907793,6.344370860927152,1.8211920529801324,250336255.5832387,149794530.00973967,100541725.57349902,2.037824750588342,8.398523751963339,8.175495954685479,8.002346334647953,0.1731496200375261,1.9706753534230899,0.06714939716525192,0.2597665671999078,-0.5113052299953095,1.9270585575323693,1.3881853469664522,1.9270585575323704,3.3082592493342204,more_than_total_gas_required,False,1.5,6.782400357898742,1.927058557532369,1.3881853469664522,0.0671493971652519,0.5983732945942856,0.5565187411463247,0.4867296304162552,0.4016267054057144,0.3603312093523526,0.5232484180998793,0.16671127964186333
ESO563-G021,1.0,4.0,314.6,11.7,311.177,24.298,5.45,55.71,10.59,429.37,6558.89,60.8,83.0,SG06,314.6,311.177,24.298,5.45,4.0,155588500000.0,32316340000.0,187904840000.0,0.8280175220606345,0.1719824779393654,6.08256880733945,1.3039185621748468,1.0,1.1,1.1,1.291237252608236,265.774933672242,314.6,0.8448027135163444,-0.0732446998489913,0.0732446998489913,2.6328316970876364,3.816830347353688,4.814545830375594,11.273937966679668,10.222018348623854,1.9431192660550458,1006850740.4054103,833690055.155403,173160685.25000727,2.497758718287268,9.00296509376827,8.921004620956202,8.238449295781152,0.6825553251750507,2.4172869344337764,0.08047178385349163,0.2597665671999078,-0.5113052299953095,1.9632644353976096,1.4011653847414336,1.9632644353976096,6.600945206390271,more_than_total_gas_required,False,1.5,8.031738445280755,1.9632644353976096,1.4011653847414336,0.0804717838534916,0.8280175220606345,0.9228929625905901,0.758073142156088,0.1719824779393654,0.7808093396002475,0.09985616700947919,0.09496392970509225
F563-1,1.0,9.0,109.9,12.5,1.903,3.2,3.52,23.47,4.61,14.22,41.77,48.9,25.0,"KN08,dB96",109.9,1.903,3.2,3.52,9.0,951500000.0,4256000000.0,5207500000.0,0.1827172347575612,0.8172827652424388,3.9886363636363633,1.2573908730529677,1.0,1.0,1.0,1.1319655184513062,101.53141101041533,109.9,0.9238526934523688,-0.0343972706855351,0.0343972706855351,1.1528995963937474,1.6208644752651211,0.2235667293233082,9.716629278619784,6.667613636363636,1.309659090909091,66890444.71131238,12222037.089354534,54668407.62195785,2.0409976924234905,7.825364083305407,7.087143597308662,7.737736423972614,-0.6505928266639527,2.0127502024658686,0.02824748995762194,0.2597665671999078,-0.5113052299953095,1.3727425098900068,1.1716409475133611,1.3727425098900066,1.4560753337058765,more_than_total_gas_required,True,4.5,5.747685113019625,1.3727425098900068,1.1716409475133611,0.0282474899576219,0.1827172347575612,0.02165675277319085,0.04794936941231098,0.8172827652424388,0.3953824919310086,0.9247288357408457,0.3762164392614582
F563-V2,1.0,10.0,116.6,9.4,2.986,2.169,2.43,11.37,4.49,23.6,146.16,59.7,29.0,"dB01,dB96",116.6,2.986,2.169,2.43,10.0,1493000000.0,2884770000.0,4377770000.0,0.341041215047844,0.658958784952156,3.2633744855967075,1.2320640525006583,1.0,1.0,1.0,1.109165060636936,96.2360587736013,116.6,0.8253521335643337,-0.08336072170972,0.08336072170972,1.3729120029701067,2.164828534344481,0.5175455928895545,9.641252940796383,4.679012345679012,1.8477366255144032,117994163.35914354,40240872.84055611,77753290.51858743,2.0666985504229953,8.071860525241643,7.604667392170286,7.89071877742654,-0.2860513852562536,1.9931699499413829,0.07352860048161247,0.2597665671999078,-0.5113052299953095,2.15497822824065,1.467984410080928,2.154978228240651,2.752732120149986,more_than_total_gas_required,False,1.5,6.806341619267087,2.15497822824065,1.467984410080928,0.0735286004816124,0.341041215047844,0.27598964788195834,0.24212849596834585,0.658958784952156,0.1797457288759179,0.7520657893557119,0.13235625427236583
F568-V1,1.0,7.0,112.3,15.8,3.825,2.491,2.85,14.38,4.4,31.39,90.54,80.6,40.0,"dB01,dB96",112.3,3.825,2.491,2.85,7.0,1912500000.0,3313030000.0000005,5225530000.0,0.3659915836288376,0.6340084163711625,3.294736842105263,1.2332905467822552,1.0,1.0,1.0,1.1102692115140411,100.64060478195164,112.3,0.8961763560280644,-0.0476065183363852,0.0476065183363852,1.4967913157000423,1.9568404901592336,0.57726612798556,9.718130345386383,5.045614035087719,1.5438596491228072,102390757.74392019,37474155.57565402,64916602.168266185,2.050379756261458,8.010260757011247,7.57373185545052,7.812355780128457,-0.2386239246779371,2.0131401294269655,0.037239626834492334,0.2597665671999078,-0.5113052299953095,1.550336862251016,1.245125239584764,1.5503368622510163,1.868027691810383,more_than_total_gas_required,False,1.5,6.0533954610364455,1.550336862251016,1.245125239584764,0.0372396268344923,0.3659915836288376,0.2607866278589169,0.26739153008130023,0.6340084163711625,0.2194986959512865,0.7952144999648072,0.32778953150973544
F571-8,1.0,5.0,139.7,4.3,10.164,1.782,3.56,24.55,1.4,825.71,87.26,53.3,85.0,"dB01,dB96",139.7,10.164,1.782,3.56,5.0,5082000000.0,2370060000.0,7452060000.0,0.6819590824550527,0.3180409175449473,3.6446629213483135,1.2461398259701846,1.0,1.0,1.0,1.1218367688181392,110.55042691224978,139.7,0.7913416385987816,-0.1016359820825215,0.1016359820825215,2.916827544276814,1.9408152086508013,2.1442495126705654,9.872276342945087,6.896067415730337,0.3932584269662921,93582895.56380108,63819705.59217681,29763189.971624278,2.1451964061141817,7.971196478641222,7.804954796410485,7.473679476364077,0.3312753200464088,2.0531821060603956,0.09201430005378608,0.2597665671999078,-0.5113052299953095,2.5500220062118464,1.5968788326644718,2.5500220062118477,5.873655937660252,more_than_total_gas_required,False,1.5,7.480060650565002,2.5500220062118464,1.5968788326644718,0.092014300053786,0.6819590824550527,0.37441927735986513,0.570957942553329,0.3180409175449473,0.4201551971088159,0.8225778049083743,0.03280202370784196
F574-1,1.0,7.0,97.8,4.1,6.537,3.524,4.46,16.19,5.87,29.98,128.48,96.8,65.0,"dB01,dB96",97.8,6.537,3.524,4.46,7.0,3268500000.0,4686920000.000001,7955420000.000001,0.4108519726174104,0.5891480273825895,2.473094170403588,1.1965202815377989,1.0,1.0,1.0,1.07716679821278,110.11177428999484,97.8,1.1258872626788838,0.0514949059259186,0.0514949059259186,1.476831628512261,2.108835527934606,0.697366287455301,9.90066311281571,3.6300448430493275,1.3161434977578477,63652215.878668696,26151638.45522029,37500577.423448406,1.9903388547876015,7.803813527033311,7.4174989035195384,7.574037954924697,-0.15653905140515928,2.060556039823581,-0.0702171850359794,0.2597665671999078,-0.5113052299953095,0.6223294830360728,0.7888786237667191,0.6223294830360729,0.3589547967396149,partial_gas_participation_can_match_observed_vflat,False,0.5,4.001023290822023,0.6223294830360728,0.7888786237667191,-0.0702171850359794,0.4108519726174104,0.1840072036652528,0.31111541764267253,0.5891480273825895,0.06599947019820473,0.9398243262396369,0.9064952593029589
F579-V1,1.0,5.0,112.1,13.4,11.848,2.245,3.37,20.96,5.76,56.6,201.76,89.5,26.0,"dB01,dB96",112.1,11.848,2.245,3.37,5.0,5924000000.0,2985850000.0,8909850000.0,0.6648821248393632,0.3351178751606368,3.964391691394659,1.2566394146894453,1.0,1.0,1.0,1.1312890184270985,116.08627804268072,112.1,1.035560018221951,0.0151752744774168,0.0151752744774168,1.7528164311882717,2.3048350692290063,1.984024649597267,9.949870392620417,6.2195845697329375,1.7091988130563798,124862125.20206426,83018595.1163071,41843530.08575718,2.049605612594973,8.096430722519624,7.919175379748379,7.621628316205635,0.2975470635427431,2.073338445979695,-0.023732833384721985,0.2597665671999078,-0.5113052299953095,0.8695586949809716,0.9325013109808327,0.8695586949809716,0.6107599304975835,partial_gas_participation_can_match_observed_vflat,False,1.5,5.15086080397094,0.8695586949809716,0.9325013109808328,-0.0237328333847219,0.6648821248393632,0.43055206184198985,0.552992019768668,0.3351178751606368,0.3467998332877687,0.7348551347962543,0.6561550520598557
F583-1,1.0,9.0,85.8,3.6,0.986,2.126,2.36,15.65,3.74,11.19,60.93,35.4,63.0,"KN08,dB96",85.8,0.986,2.126,2.36,9.0,493000000.0,2827580000.0,3320580000.0,0.1484680387161279,0.8515319612838721,4.108050847457627,1.2610047611710185,1.0,1.0,1.0,1.1352189194619575,90.8593865700958,85.8,1.0589672094416762,0.0248825125352315,0.0248825125352315,1.04883008652835,1.7848311781244692,0.1743540412649686,9.521213947800288,6.63135593220339,1.5847457627118646,94887733.57729207,14087795.702439029,80799937.87485304,1.9334872878487055,7.97721007350196,7.148843044978902,7.907411026856035,-0.7585679818771338,1.9619878328006535,-0.02850054495194798,0.2597665671999078,-0.5113052299953095,0.7951882421645626,0.891733279722453,0.7951882421645622,0.7594784844873715,partial_gas_participation_can_match_observed_vflat,True,4.5,4.542106391637325,0.7951882421645626,0.891733279722453,-0.0285005449519479,0.1484680387161279,0.05197844871913228,0.0,0.8515319612838721,0.3914508370550165,0.818365469832764,0.6818314325925808
IC4202,1.0,4.0,242.6,11.0,179.749,12.326,4.78,32.13,8.55,391.59,8888.53,100.4,90.0,SG06,242.6,179.749,12.326,4.78,4.0,89874500000.0,16393580000.0,106268080000.0,0.8457337330268883,0.1542662669731117,4.2552301255230125,1.2652654767858007,1.0119978035750912,1.1,1.1131975839326005,1.2679928583096862,228.3944863674295,242.6,0.9414447088517292,-0.0262051810596486,0.0262051810596486,2.5928315927320416,3.948829942558922,5.482298558338081,11.02640283402812,6.7217573221757325,1.788702928870293,740230835.6333476,626038187.921804,114192647.71154362,2.384890796530554,8.869367172445768,8.796600825699045,8.057638142779389,0.7389626829196558,2.35298558276351,0.031905213767043694,0.2597665671999078,-0.5113052299953095,1.2729774903680586,1.128263041302009,1.272977490368058,2.76952159227161,more_than_total_gas_required,False,1.5,7.156788241752071,1.2729774903680586,1.128263041302009,0.0319052137670436,0.8457337330268883,0.861755720739264,0.7881194694430078,0.1542662669731117,0.4012536382503258,0.19343733152880926,0.35651786750642106
NGC0024,1.0,5.0,106.3,7.9,3.889,0.676,1.34,7.29,2.01,151.65,1182.58,7.3,64.0,"Di08,Ch06",106.3,3.889,0.676,1.34,5.0,1944500000.0,899080000.0000001,2843580000.0,0.6838210987557938,0.3161789012442063,3.470149253731343,1.2399189693835069,1.0,1.0,1.0,1.1162364457187262,86.67043277566295,106.3,0.8153380317560014,-0.0886622993703862,0.0886622993703862,2.1808424146466825,3.072830529860883,2.1627663834141564,9.453865451005566,5.440298507462686,1.4999999999999998,252043780.95191115,172352855.2251005,79690925.72681068,2.0265332645232967,8.401475985917836,8.236418482395749,7.901408871820991,0.33500961057475676,1.9444929449822146,0.08204031954108215,0.2597665671999078,-0.5113052299953095,2.2628157737541943,1.504265858734484,2.2628157737541934,4.9939912776748985,more_than_total_gas_required,False,1.0,7.312184750801522,2.2628157737541943,1.504265858734484,0.0820403195410821,0.6838210987557938,0.5864586260438684,0.5729470751751262,0.3161789012442063,0.2622968588860715,0.5211804705700038,0.08651662356547886
NGC0100,1.0,6.0,88.1,6.4,3.232,1.99,1.66,16.36,2.81,64.99,1193.52,13.5,89.0,"dB02,Rh96",88.1,3.232,1.99,1.66,6.0,1616000000.0,2646700000.0,4262700000.0,0.3791024468060149,0.620897553193985,5.774096385542169,1.2989281043157102,1.0,1.0,1.0,1.1693593905789126,98.15709556307011,88.1,1.1141554547454044,0.0469457908627941,0.0469457908627941,1.8128465369670712,3.076829700943831,0.6105716552688253,9.629684768976201,9.855421686746988,1.6927710843373496,246200383.18980342,93335167.67183295,152865215.51797047,1.944975908412048,8.391288724537977,7.970045312000342,8.184308672938567,-0.21426336093822512,1.9901649256588754,-0.045189017246827445,0.2597665671999078,-0.5113052299953095,0.6489583675960535,0.805579522825682,0.6489583675960534,0.4346222970309052,partial_gas_participation_can_match_observed_vflat,False,1.5,4.527831010739026,0.6489583675960535,0.805579522825682,-0.0451890172468274,0.3791024468060149,0.4555516797766358,0.2803675938482165,0.620897553193985,0.7410569176923277,0.5283163284767196,0.7717067447022186
NGC0801,1.0,5.0,220.1,6.2,312.57,23.201,8.72,44.99,7.76,818.14,1558.94,80.7,80.0,"Sa96,Br92",220.1,312.57,23.201,8.72,5.0,156285000000.0,30857330000.0,187142330000.0,0.8351130393642101,0.1648869606357899,3.0246559633027523,1.222296074823408,1.0016766843117375,1.0,1.0016766843117375,1.1022164190471202,245.3030507327344,220.1,1.1145072727520873,0.0470829068277363,0.0470829068277363,2.912827626440297,3.1928294005189524,5.064760949829425,11.27217203232174,5.159403669724771,0.8899082568807338,391705071.1381972,327118012.492594,64587058.645603195,2.342620042553348,8.59295919409849,8.514704458862857,7.810145506821045,0.7045589520418112,2.416828203727717,-0.07420816117436901,0.2597665671999078,-0.5113052299953095,0.6481393252846411,0.8050710063619488,0.6481393252846409,-1.1339508797943434,stellar_mass_alone_exceeds_required_participating_mass,False,1.5,5.319110625149477,0.6481393252846411,0.8050710063619488,-0.074208161174369,0.8351130393642101,0.7232200247771858,0.7697937438784969,0.1648869606357899,0.2318376341775147,0.38705247344206517,0.9279885523810761
NGC0891,1.0,3.0,216.1,5.7,138.34,4.462,2.55,18.16,3.68,1617.45,5067.92,9.91,90.0,Fr11,216.1,138.34,4.462,2.55,3.0,69170000000.0,5934460000.0,75104460000.0,0.9209839202625252,0.0790160797374749,4.282352941176471,1.266028103776797,1.110269969328327,1.2,1.3323239631939925,1.5185044875328593,229.16641721395715,216.1,1.0604646793797183,0.0254962081605126,0.0254962081605126,3.208830864265175,3.704829750680075,11.65565190430132,10.875665727894663,7.121568627450981,1.443137254901961,1838253911.149178,1693002293.5280895,145251617.6210887,2.3346547668832414,9.264405498668639,9.228657546452656,8.162120977688879,1.0665365687637764,2.313829122153574,0.020825644729667303,0.2597665671999078,-0.5113052299953095,0.7907062422470461,0.8892166452822654,0.7907062422470463,-1.6487489438645475,stellar_mass_alone_exceeds_required_participating_mass,False,1.5,9.241040974329366,0.7907062422470461,0.8892166452822654,0.0208256447296673,0.9209839202625252,1.0,0.9626072061188474,0.0790160797374749,0.4446077364832119,0.0,0.4161865841917714
NGC1003,1.0,6.0,109.8,4.2,6.82,5.88,1.61,33.33,2.76,140.87,1345.33,11.4,67.0,"Sa96,Br92",109.8,6.82,5.88,1.61,6.0,3410000000.0,7820400000.0,11230400000.0,0.3036401196751674,0.6963598803248326,11.20807453416149,1.3416529489421265,1.0,1.0,1.0,1.2078224110562814,127.09452762483886,109.8,1.1575093590604633,0.0635245111991767,0.0635245111991767,2.1488185146020182,3.1288288267921383,0.4360390772850493,10.050395225068138,20.701863354037265,1.714285714285714,689546573.3957877,209374004.0674986,480172569.32828915,2.040602340114073,8.838563604646323,8.320922758570683,8.68139734662141,-0.36047458805072663,2.0994514366229855,-0.058849096508912346,0.2597665671999078,-0.5113052299953095,0.557059974832147,0.7463645053404852,0.5570599748321471,0.3639208149653399,partial_gas_participation_can_match_observed_vflat,False,1.5,7.068691849048315,0.557059974832147,0.7463645053404852,-0.0588490965089123,0.3036401196751674,0.6279875710354481,0.20248572597674125,0.6963598803248326,1.0,0.2150142671389349,0.8452727287796806
NGC1090,1.0,4.0,164.4,3.7,72.045,8.783,3.53,30.49,6.36,283.68,2055.09,37.0,64.0,Ge04,164.4,72.045,8.783,3.53,4.0,36022500000.0,11681390000.0,47703890000.0,0.7551270976014745,0.2448729023985255,5.219546742209632,1.2885585775508177,1.0,1.1,1.1,1.2760266520988337,187.54039426852225,164.4,1.1407566561345637,0.057193011491666,0.057193011491666,2.4528287182568427,3.312830845991887,3.0837511631749304,10.678553794902832,8.637393767705383,1.8016997167138813,609290653.0196081,460091882.4104038,149198770.6092044,2.215901813204032,8.784824515769072,8.662844570896903,8.173765244585455,0.4890793263114474,2.2626260319661475,-0.04672421876211574,0.2597665671999078,-0.5113052299953095,0.5905109483305953,0.7684471018427977,0.5905109483305951,-0.6722513910623313,stellar_mass_alone_exceeds_required_participating_mass,False,1.5,5.181599267229583,0.5905109483305953,0.7684471018427977,-0.0467242187621157,0.7551270976014745,0.7960222880729829,0.6550148991102058,0.2448729023985255,0.6089783562415124,0.25265681776815574,0.7799745305665999
NGC2403,1.0,6.0,131.2,4.9,10.041,3.199,1.39,15.11,2.16,341.06,1408.74,3.16,63.0,"Da06,Fr02",131.2,10.041,3.199,1.39,6.0,5020500000.0,4254670000.0,9275170000.0,0.5412838794329377,0.4587161205670624,6.212230215827338,1.3058677967138757,1.0,1.0,1.0,1.1756068452660209,119.5330568306604,131.2,0.9110751282824728,-0.0404458091376348,0.0404458091376348,2.5328307877218803,3.148830846207502,1.17999750861994,9.967321878328628,10.870503597122303,1.5539568345323742,764033514.5787771,413559024.78798234,350474489.79079473,2.1179338350396413,8.883112409462322,8.616537502547153,8.544656412184887,0.0718810903622655,2.077871758514655,0.04006207652498617,0.2597665671999078,-0.5113052299953095,1.4513870258710388,1.2047352513606626,1.451387025871039,1.9840225918222296,more_than_total_gas_required,False,1.5,6.43343006236045,1.4513870258710388,1.2047352513606626,0.0400620765249861,0.5412838794329377,0.7732650528031719,0.43278724580280403,0.4587161205670624,0.8511287447672025,0.1838092229933609,0.3125893057272522
NGC2841,1.0,3.0,284.8,8.6,188.121,9.775,3.64,45.12,5.51,983.63,4751.49,14.1,76.0,"Di08,Be91",284.8,188.121,9.775,3.64,3.0,94060500000.0,13000750000.000002,107061250000.0,0.8785671753318778,0.1214328246681222,6.9546703296703285,1.3155430847156049,1.048140661490911,1.2,1.2577687937890931,1.4895969878945892,248.00987495300308,284.8,0.8708211901439714,-0.0600710115893392,0.0600710115893392,2.992831765934685,3.6768298195842175,7.235005672749648,11.0296323097081,12.395604395604394,1.5137362637362637,1286025778.2195067,1129860035.3742921,156165742.8452148,2.4545399849648186,9.109249674051874,9.053024647351153,8.193585771378762,0.8594388759723892,2.3538244925747542,0.10071549239006439,0.2597665671999078,-0.5113052299953095,1.738937793351778,1.318687905970089,1.7389377933517776,7.085156920060996,more_than_total_gas_required,False,1.5,9.217713107219373,1.738937793351778,1.318687905970089,0.1007154923900643,0.8785671753318778,0.9877731398089954,0.8522931388273137,0.1214328246681222,1.0,0.025407143439882818,0.0
NGC2903,1.0,4.0,184.6,5.6,81.863,2.552,2.33,13.76,4.54,632.16,1193.52,6.6,66.0,"Be91,Be87",184.6,81.863,2.552,2.33,4.0,40931500000.0,3394160000.0000005,44325660000.0,0.9234267464940172,0.0765732535059827,3.9270386266094417,1.2554697131473642,1.1147066034992692,1.1,1.226177263849196,1.3858696800809982,191.88962876215083,184.6,1.039488779859972,0.0168198059607071,0.0168198059607071,2.800827012337371,3.076829700943831,12.059390246776816,10.646655210876995,5.90557939914163,1.948497854077253,1299461750.043416,1199957736.0360136,99504014.00740252,2.266231696689893,9.113763500466842,9.07916594993964,7.997840600606057,1.0813253493335826,2.254339846295218,0.011891850394674996,0.2597665671999078,-0.5113052299953095,0.8564870012801468,0.9254658293422544,0.8564870012801472,-0.8741922557677397,stellar_mass_alone_exceeds_required_participating_mass,False,1.5,9.223252167660778,0.8564870012801468,0.9254658293422544,0.0118918503946749,0.9234267464940172,1.0,0.9704846986826138,0.0765732535059827,0.31275024331412454,0.022245349243017132,0.4642992897763988
NGC2998,1.0,5.0,209.9,8.1,150.902,23.451,6.2,43.58,7.06,479.55,774.16,68.1,58.0,"Sa96,Br92",209.9,150.902,23.451,6.2,5.0,75451000000.0,31189830000.0,106640830000.0,0.7075245007001539,0.292475499299846,4.083870967741936,1.2602845646355374,1.0,1.0,1.0,1.134570562883153,216.23357970733957,209.9,1.0301742720692688,0.0129106994584879,0.0129106994584879,2.6808338953273694,2.8888307280420182,2.4190898122881723,11.027923516591635,7.0290322580645155,1.1387096774193548,441530052.8075568,312393330.1567792,129136722.65077755,2.3220124385824006,8.644960269237012,8.494701752775592,8.111049760289243,0.3836519924863495,2.353380605252835,-0.031368166670434405,0.2597665671999078,-0.5113052299953095,0.8878859877086316,0.9422770228062614,0.8878859877086317,0.6166721227598319,partial_gas_participation_can_match_observed_vflat,False,1.5,5.196711500301295,0.8878859877086316,0.9422770228062614,-0.0313681666704344,0.7075245007001539,0.713389856194224,0.5988572575585733,0.292475499299846,0.43457342580824604,0.350627347066237,0.6972749310990572
NGC3109,1.0,9.0,66.2,2.6,0.194,0.477,1.56,6.0,1.64,11.4,140.87,1.33,70.0,"Be91,JC90",66.2,0.194,0.477,1.56,9.0,97000000.0,634410000.0,731410000.0,0.1326205548187747,0.8673794451812253,2.4487179487179485,1.195268116035884,1.0,1.0,1.0,1.0760395368321398,60.60114657567701,66.2,0.9154251748591692,-0.0383771483298666,0.0383771483298666,1.0569048513364727,2.1488185146020182,0.1528979681909175,8.864160893813251,3.846153846153846,1.051282051282051,47833463.56296974,6343700.47662469,41489763.08634505,1.8208579894397,7.679731828746212,6.802342669199207,7.6179409549401615,-0.8155982857409549,1.791307416498225,0.029550572941474895,0.2597665671999078,-0.5113052299953095,1.4239954227503229,1.1933127933405905,1.4239954227503229,1.4888234614110962,more_than_total_gas_required,False,3.0,5.9753567011542446,1.4239954227503229,1.1933127933405905,0.0295505729414748,0.1326205548187747,0.0,0.0,0.8673794451812253,0.08943355229139163,1.0,0.36919872141352333
NGC3198,1.0,5.0,150.1,3.9,38.279,10.869,3.14,35.66,5.84,178.99,1602.62,13.8,73.0,"Da06,Be91,Be87",150.1,38.279,10.869,3.14,5.0,19139500000.0,14455770000.000002,33595270000.0,0.569708176180754,0.430291823819246,6.608280254777069,1.3113257861349203,1.0,1.0,1.0,1.1805203975727063,165.24669602700308,150.1,1.100910699713545,0.041752092637036,0.041752092637036,2.252828768040592,3.2048305582449266,1.324004186563566,10.526278135797503,11.35668789808917,1.859872611464968,542299209.4006712,308952293.53192127,233346915.86875007,2.1763806922432702,8.734238971292958,8.489891423582188,8.368002065216741,0.1218893583654487,2.2230699067322526,-0.046689214488982334,0.2597665671999078,-0.5113052299953095,0.6807562377400691,0.8250795341905344,0.6807562377400694,0.2580761599736175,partial_gas_participation_can_match_observed_vflat,False,1.5,4.968720454824084,0.6807562377400691,0.8250795341905344,-0.0466892144889823,0.569708176180754,0.7110258587078635,0.45942499037291457,0.430291823819246,0.9038488196257498,0.2880904091972598,0.7797860160089192
NGC3521,1.0,4.0,213.7,15.9,84.836,4.154,2.4,18.85,2.45,2232.7,2112.66,7.7,75.0,"Da06,Sa96",213.7,84.836,4.154,2.4,4.0,42418000000.0,5524820000.0,47942820000.0,0.8847623064308691,0.1152376935691309,4.437500000000001,1.2702603870678983,1.055878615079601,1.1,1.161466476587561,1.3281964900888883,191.57487958756008,213.7,0.8964664463620032,-0.0474659609066342,0.0474659609066342,3.348830372378482,3.324829609686001,7.677716197088774,10.680723575680519,7.854166666666668,1.0208333333333335,1324711248.049476,1172054579.1791694,152656668.87030646,2.3298045221640695,9.122121223899192,9.068947835986194,8.183715781384839,0.8852320546013552,2.2631896684703436,0.06661485369372588,0.2597665671999078,-0.5113052299953095,1.5483311229889385,1.2443195421550441,1.5483311229889392,5.758261867328993,more_than_total_gas_required,False,1.5,8.368822104422517,1.5483311229889385,1.244319542155044,0.0666148536937258,0.8847623064308691,0.9955984624417369,0.8660323089966525,0.1152376935691309,0.5240480297873514,0.016391025434775774,0.16959004891988244
NGC3741,1.0,10.0,50.1,2.1,0.028,0.182,0.2,4.2,0.32,42.94,143.49,3.21,70.0,"Ge07,Bm05",50.1,0.028,0.182,0.2,10.0,14000000.0,242060000.0,256060000.0,0.0546746856205576,0.9453253143794424,11.3,1.3419048389023345,1.0,1.0,1.0,1.208049174869754,49.39173079144892,50.1,0.9858628900488806,-0.006183480835373,0.006183480835373,1.6328620401002298,2.1568216355916268,0.0578368999421631,8.408341741154654,21.0,1.5999999999999999,1018830368.202768,55704230.08216336,963126138.1206046,1.6998377258672457,9.008101881468578,7.74588817599216,8.983683169266083,-1.2377949932739225,1.6729008399481309,0.026936885919114806,0.2597665671999078,-0.5113052299953095,1.0586049571555416,1.02888529834746,1.0586049571555414,1.0619944861986612,more_than_total_gas_required,True,4.0,8.356662103314402,1.0586049571555416,1.02888529834746,0.0269368859191148,0.0546746856205576,0.3453914631328887,0.0,0.9453253143794424,1.0,0.09625800792043882,0.3832746615439809
NGC3893,1.0,5.0,174.0,8.9,58.525,5.799,2.38,20.84,2.43,1573.37,2055.09,18.0,49.0,"VS01,SV98",174.0,58.525,5.799,2.38,5.0,29262500000.0,7712670000.000001,36975170000.0,0.7914094783066582,0.2085905216933418,4.888655462184874,1.2813939081165269,1.0,1.0,1.0,1.1535742390269184,167.31189672729678,174.0,0.9615626248695216,-0.0170224256745111,0.0170224256745111,3.196830865066194,3.312830845991887,3.794081686368015,10.56791017942058,8.756302521008404,1.0210084033613447,1038906340.8592535,822200325.2289011,216706015.63035247,2.2405492482825995,9.01657639694944,8.914977644233542,8.335870967244162,0.5791066769893796,2.2338845197897363,0.006664728492863148,0.2597665671999078,-0.5113052299953095,1.169740973839939,1.0815456411265958,1.169740973839939,1.8137520941123235,more_than_total_gas_required,False,1.5,6.204414959331504,1.169740973839939,1.0815456411265958,0.0066647284928631,0.7914094783066582,0.9199310534883482,0.7029694807711799,0.2085905216933418,0.6218723932620518,0.09032187493584187,0.4924498121285621
NGC3917,1.0,6.0,135.9,4.1,21.966,1.888,2.63,14.08,5.56,112.94,1226.96,18.0,79.0,"VS01,SV98",135.9,21.966,1.888,2.63,6.0,10983000000.0,2511040000.0,13494040000.0,0.8139148839043014,0.1860851160956985,3.7338403041825097,1.2491817168389316,1.0,1.0,1.0,1.12457522958488,128.3974084712592,135.9,0.944793292650914,-0.0246631985603293,0.0246631985603293,2.0528477834008605,3.088830404566906,4.373884924174844,10.130141993187998,5.353612167300381,2.1140684410646386,310492152.3051887,252714184.09667432,57777968.208514355,2.1332194567324945,8.492050627850366,8.402629618263562,7.761762265591505,0.6408673526720575,2.1201669808227686,0.013052475909725914,0.2597665671999078,-0.5113052299953095,1.2550262057008383,1.1202795212360344,1.2550262057008386,2.370481482085249,more_than_total_gas_required,False,1.5,6.350332703350154,1.2550262057008383,1.1202795212360344,0.0130524759097259,0.8139148839043014,0.6681417482583374,0.7358673428448654,0.1860851160956985,0.2528969043143551,0.45773576735859267,0.4580487727389815
NGC3953,1.0,4.0,220.8,6.1,141.301,2.832,4.89,17.38,6.17,587.26,1999.08,18.0,62.0,"VS01,SV98",220.8,141.301,2.832,4.89,4.0,70650500000.0,3766560000.0,74417060000.0,0.9493857994389996,0.0506142005610004,2.4079754601226995,1.1931523945888367,1.1722601036248232,1.1,1.2894861139873055,1.3850819860481034,218.36466856426895,220.8,0.9889704192222326,-0.0048166982518404,0.0048166982518404,2.768830420780154,3.3008301742398536,18.75730109171233,10.871672508321927,3.554192229038855,1.261758691206544,495307520.0156474,470237925.85820377,25069594.1574437,2.3439990690571615,8.69487492171657,8.67231765313156,7.399147303379462,1.2731703497520965,2.3127918172130886,0.031207251844072914,0.2597665671999078,-0.5113052299953095,1.045362202230662,1.022429558566585,1.0453622022306617,1.896234687654324,more_than_total_gas_required,False,0.5,12.688628934019,1.045362202230662,1.022429558566585,0.0312072518440729,0.9493857994389996,0.8006777579359441,1.0,0.0506142005610004,0.05777428587839856,0.31566369449308906,0.36027672239494724
NGC3972,1.0,4.0,132.7,2.9,14.353,1.214,2.18,10.05,3.73,164.75,1587.93,18.0,77.0,"VS01,SV98",132.7,14.353,1.214,2.18,4.0,7176500000.0,1614620000.0,8791120000.0,0.8163351199847119,0.1836648800152881,3.1605504587155964,1.227951765065473,1.0,1.1,1.1,1.2160092734732926,119.9515871542582,132.7,0.9039305738828802,-0.0438649241014279,0.0438649241014279,2.216825423266048,3.2008313537058184,4.444699062318069,9.944044208274432,4.610091743119266,1.7110091743119265,294409183.4260632,240336556.07671633,54072627.34934686,2.1228709228644354,8.468951352707107,8.38081983362092,7.732977472139,0.6478423614819201,2.0718249980722647,0.05104592479217063,0.2597665671999078,-0.5113052299953095,1.4978202451983362,1.2238546666979442,1.4978202451983376,3.71048142223434,more_than_total_gas_required,False,0.5,7.23151010819674,1.4978202451983362,1.2238546666979442,0.0510459247921706,0.8163351199847119,0.6574235054935869,0.7395826985344397,0.1836648800152881,0.1722722269158174,0.4739160869777914,0.2534360906375161
NGC3992,1.0,4.0,241.0,5.2,226.932,16.599,4.96,32.75,9.99,360.44,3257.09,23.7,56.0,"VS01,SV98",241.0,226.932,16.599,4.96,4.0,113466000000.0,22076670000.0,135542670000.0,0.8371238370913012,0.1628761629086988,4.308467741935484,1.2667559012464356,1.0035886524331048,1.1,1.1039475176764153,1.2589377534221928,241.85086279925488,241.0,1.0035305510342525,0.0015305984912925,0.0015305984912925,2.5568329810176795,3.5128297591676816,5.139633830645654,11.13207603637886,6.602822580645161,2.0141129032258065,876865160.4112557,734044727.6951498,142820432.71610597,2.3820170425748683,8.94293281504035,8.865722523675425,8.154790344562391,0.7109321791130345,2.380435947783183,0.0015810947916854445,0.2597665671999078,-0.5113052299953095,0.9860015690248854,0.992976117046571,0.986001569024886,0.914054759609232,partial_gas_participation_can_match_observed_vflat,False,1.5,6.556932976599679,0.9860015690248854,0.992976117046571,0.0015810947916854,0.8371238370913012,0.8957250217370414,0.773188550409284,0.1628761629086988,0.3883567831599739,0.1419069002581368,0.5198275826920551
NGC4088,1.0,4.0,171.7,6.9,107.286,8.226,2.58,22.25,6.1,457.96,3988.69,18.0,69.0,"VS01,SV98",171.7,107.286,8.226,2.58,4.0,53643000000.0,10940580000.000002,64583580000.0,0.8305981179736397,0.1694018820263602,5.494186046511628,1.293933538157079,1.0,1.1,1.1,1.2813493383213002,202.7172968761069,171.7,1.1806482054519911,0.0721205113385047,0.0721205113385047,2.660827546698381,3.60083028436173,4.9031221379488095,10.81012211518025,8.624031007751938,2.3643410852713176,1544197464.030237,1282607507.403182,261589956.62705493,2.2347702951609163,9.188702834895674,9.10809377761633,8.417621065855666,0.6904727117606645,2.2968030828768704,-0.06203278771595411,0.2597665671999078,-0.5113052299953095,0.5146570835786259,0.7173960437433607,0.5146570835786259,-1.8650385144236523,stellar_mass_alone_exceeds_required_participating_mass,False,1.5,5.46856330714679,0.5146570835786259,0.7173960437433607,-0.0620327877159541,0.8305981179736397,1.0,0.7622904712088955,0.1694018820263602,0.607529346671147,0.0,0.8624184108911213
NGC4100,1.0,4.0,158.2,5.0,59.394,3.102,2.15,18.06,4.93,388.0,8970.78,18.0,73.0,"VS01,SV98",158.2,59.394,3.102,2.15,4.0,29697000000.0,4125660000.0,33822660000.0,0.8780208298223735,0.1219791701776264,5.346511627906977,1.291104622220518,1.0474747420573975,1.1,1.1522222162631377,1.3392466685418367,176.30260548306896,158.2,1.1144286060876674,0.0470522513938085,0.0470522513938085,2.5888317255942077,3.952830206139799,7.198121027908262,10.52920775991146,8.4,2.2930232558139534,1164530779.3437588,1022482281.2331026,142048498.11065635,2.1992064791616577,9.066150971722134,9.00965579078269,8.152436646255346,0.8572191445273439,2.2238309251315216,-0.024624445969863906,0.2597665671999078,-0.5113052299953095,0.6483223513034306,0.8051846690687985,0.6483223513034305,-1.8830959268246807,stellar_mass_alone_exceeds_required_participating_mass,False,1.5,6.769097059624158,0.6483223513034306,0.8051846690687985,-0.0246244459698639,0.8780208298223735,0.966459865022155,0.8511107615603466,0.1219791701776264,0.5832362309209475,0.05559643615764098,0.6609568073047081
NGC4157,1.0,3.0,184.7,7.2,105.62,8.226,2.32,24.09,4.44,848.85,23813.87,18.0,82.0,"VS01,SV98",184.7,105.62,8.226,2.32,3.0,52810000000.0,10940580000.000002,63750580000.0,0.828384620186985,0.171615379813015,6.148706896551724,1.3049233583441573,1.0,1.2,1.2,1.4097079381027504,211.93960028992663,184.7,1.1474802397938637,0.0597452154969878,0.0597452154969878,2.9288309529910093,4.376829978482175,4.826983578567132,10.804484140316246,10.383620689655173,1.9137931034482762,1885073560.4888754,1561565945.4301043,323507615.05877095,2.2664668954402414,9.275328302176332,9.19356032934858,8.509884508000328,0.6836758213482527,2.295338525500489,-0.02887163006024762,0.2597665671999078,-0.5113052299953095,0.5767918802630561,0.7594681561876416,0.5767918802630564,-1.4660267640234432,stellar_mass_alone_exceeds_required_participating_mass,False,1.5,6.201432977633201,0.5767918802630561,0.7594681561876416,-0.0288716300602476,0.828384620186985,1.0,0.7586699932778195,0.171615379813015,0.7983329155354323,0.0,0.683829901316282
NGC4183,1.0,6.0,110.6,5.4,10.838,3.506,2.79,16.07,4.47,86.46,1098.58,18.0,82.0,"VS01,SV98",110.6,10.838,3.506,2.79,6.0,5419000000.0,4662980000.0,10081980000.0,0.5374936272438549,0.4625063727561451,3.681003584229391,1.247390352375863,1.0,1.0,1.0,1.122962554603194,119.28768175360766,110.6,1.0785504679349698,0.032840471583085,0.032840471583085,1.9368152311976328,3.040831688287468,1.1621323702868125,10.003545831576814,5.759856630824372,1.6021505376344085,206137761.99607235,110797733.4071994,95340028.58887297,2.0437551269686796,8.314157556671503,8.04453087610708,7.979275277819552,0.06525559828752905,2.0872815305003463,-0.0435264035316667,0.2597665671999078,-0.5113052299953095,0.7389892378569464,0.8596448323912302,0.7389892378569463,0.4356601821772717,partial_gas_participation_can_match_observed_vflat,False,1.5,4.516262515710217,0.7389892378569464,0.8596448323912302,-0.0435264035316667,0.5374936272438549,0.4921570095241149,0.4292580660774256,0.4625063727561451,0.2969485910620825,0.5823442986594031,0.7627527839125491
NGC4217,1.0,3.0,181.3,7.2,85.299,2.562,2.94,16.7,5.28,483.98,4373.51,18.0,86.0,"VS01,SV98",181.3,85.299,2.562,2.94,3.0,42649500000.0,3407460000.0,46056960000.0,0.9260163936134734,0.0739836063865266,3.738095238095238,1.249324607194157,1.119553952015394,1.2,1.3434647424184727,1.5109999903814382,202.29379008895256,181.3,1.1157958637007863,0.0475847471305848,0.0475847471305848,2.684827415220645,3.64083012387382,12.516507897378103,10.663295268869291,5.680272108843537,1.795918367346939,848048596.3933663,785306902.8411531,62741693.55221317,2.258397804095509,8.928420739686862,8.895039414913988,7.797556237193324,1.0974831777206653,2.258662377037884,-0.0002645729423753629,0.2597665671999078,-0.5113052299953095,0.6451504603128692,0.8032125872475289,0.6451504603128694,-3.796326605562087,stellar_mass_alone_exceeds_required_participating_mass,False,1.5,9.351421288809863,0.6451504603128692,0.8032125872475289,-0.0002645729423753,0.9260163936134734,0.9101325714928674,0.9790914375793777,0.0739836063865266,0.28831873208048353,0.15207215505947036,0.5297673759049005
NGC4559,1.0,6.0,121.2,5.1,19.377,5.811,2.1,21.16,3.82,211.27,1602.62,9.0,67.0,Ba05,121.2,19.377,5.811,2.1,6.0,9688500000.0,7728630000.000001,17417130000.0,0.5562627137766096,0.4437372862233905,5.947619047619048,1.301798339438632,1.0,1.0,1.0,1.1719433183444343,139.70886203436353,121.2,1.1527133831218113,0.0617213353931001,0.0617213353931001,2.324837832312843,3.2048305582449266,1.253585693712857,10.240976593389751,10.076190476190476,1.8190476190476188,628576492.9646583,349653665.79270476,278922827.17195356,2.0835026198302673,8.798358135563797,8.543638085772876,8.445484058579906,0.09815402719297177,2.1489581044441524,-0.06545548461388506,0.2597665671999078,-0.5113052299953095,0.5663888020537724,0.7525880693007114,0.5663888020537725,0.0228200076746879,partial_gas_participation_can_match_observed_vflat,False,1.5,4.313285263461174,0.5663888020537724,0.7525880693007114,-0.065455484613885,0.5562627137766096,0.7374392223698101,0.4467819672428358,0.4437372862233905,0.7649962902363309,0.24317694047654037,0.880851251628294
NGC5005,1.0,4.0,262.2,20.7,178.72,1.28,9.45,10.41,3.97,1789.91,96.57,16.9,68.0,Ri15,262.2,178.72,1.28,9.45,4.0,89360000000.0,1702400000.0000002,91062400000.0,0.9813051270337704,0.0186948729662297,1.5,1.1377142691005784,1.3063334635469737,1.1,1.4369668099016712,1.471779794234069,236.746024207361,262.2,0.9029215263438636,-0.0443499929387442,0.0443499929387442,3.252831194395521,1.984842231405276,52.49060150375939,10.959339092194675,1.1015873015873017,0.42010582010582015,162291437.41565368,159257419.6096612,3034017.8059924715,2.4186326873540653,8.210295606818034,8.202099674730912,6.482018125238313,1.7200815494925985,2.3355646647638553,0.08306802259021007,0.2597665671999078,-0.5113052299953095,1.5045269509104848,1.2265915990705647,1.5045269509104855,27.98745007905957,more_than_total_gas_required,False,0.5,31.44158420879049,1.5045269509104848,1.2265915990705647,0.08306802259021,0.9813051270337704,0.5695929248012565,1.0,0.0186948729662297,0.0,0.6550963454002598,0.08098195684078781
NGC5033,1.0,5.0,194.2,3.6,110.509,11.314,5.16,29.53,2.94,2036.24,614.94,15.7,66.0,"Sa96,Be87",194.2,110.509,11.314,5.16,5.0,55254500000.0,15047620000.0,70302120000.0,0.7859578061088343,0.2140421938911657,3.1463178294573644,1.2273713669624309,1.0,1.0,1.0,1.1049404727764318,192.28174262335855,194.2,0.9901222586166766,-0.0043111761455451,0.0043111761455451,3.308828964496193,2.788832743515087,3.6719760334192384,10.846968421611848,5.7228682170542635,0.5697674418604651,420232028.86844224,330284643.4661052,89947385.40233707,2.288249225571986,8.62348914999931,8.518888381705425,7.953988543758938,0.5648998379464862,2.3063745214126024,-0.018125295840616396,0.2597665671999078,-0.5113052299953095,1.0405062772019238,1.0200520953372547,1.0405062772019231,1.1892443562904207,more_than_total_gas_required,False,1.5,5.720927373201919,1.0405062772019238,1.0200520953372547,-0.0181252958406163,0.7859578061088343,0.7252761799144516,0.695401969143919,0.2140421938911657,0.292937700667265,0.3656671944074783,0.6259558116477997
NGC5055,1.0,4.0,179.0,4.9,152.922,11.722,3.2,35.06,4.18,1383.02,3348.34,9.9,55.0,"Ba06,Bl04",179.0,152.922,11.722,3.2,4.0,76461000000.0,15590260000.0,92051260000.0,0.830635017923709,0.1693649820762909,6.1312500000000005,1.3046602942826642,1.0,1.1,1.1,1.2919717709722296,222.4131443276712,179.0,1.2425315325568222,0.0943074189278329,0.0943074189278329,3.1408284605336303,3.5248295510615684,4.904408265160427,10.96402973751469,10.95625,1.30625,1430704399.1052012,1188393174.1942782,242311224.91092306,2.2528530309798933,9.155549912516761,9.074960148669936,8.38437353301476,0.6905866156551772,2.3367831375965875,-0.0839301066166942,0.2597665671999078,-0.5113052299953095,0.4195370540355378,0.6477168007976463,0.4195370540355378,-2.427290215771941,stellar_mass_alone_exceeds_required_participating_mass,False,1.5,5.40591743691839,0.4195370540355378,0.6477168007976463,-0.0839301066166942,0.830635017923709,0.9985531650203191,0.7623511440329848,0.1693649820762909,0.8604267759244683,0.0,0.9803458242453165
NGC5371,1.0,4.0,209.5,3.9,340.393,11.18,7.44,30.03,9.8,560.83,1395.82,39.7,53.0,"Sa96,Be87",209.5,340.393,11.18,7.44,4.0,170196500000.0,14869400000.0,185065900000.0,0.919653485596212,0.080346514403788,2.676747311827957,1.206593385898856,1.1079061527859402,1.1,1.2186967680645342,1.3237912124150844,268.0821211003315,209.5,1.2796282630087423,0.1070838237324706,0.1070838237324706,2.7488312369236176,3.144829416820822,11.446090629077164,11.267326403592811,4.036290322580645,1.3172043010752688,532109072.99164623,489355963.6941366,42753109.29750961,2.321184027302314,8.726000664142939,8.68962488535677,7.630967705067618,1.0586571802891525,2.415569471386878,-0.09438544408456417,0.2597665671999078,-0.5113052299953095,0.3729621030475316,0.610706233018406,0.3729621030475316,-6.804170493336371,stellar_mass_alone_exceeds_required_participating_mass,False,0.5,7.9436233551084126,0.3729621030475316,0.610706233018406,-0.0943854440845641,0.919653485596212,0.8091832576286383,0.9584101173985913,0.080346514403788,0.11005126711810792,0.29386108563544866,1.0
NGC5585,1.0,7.0,90.3,2.4,2.943,1.683,1.53,10.92,2.27,90.54,297.05,7.06,51.0,"Bl99,Sa96,Co91",90.3,2.943,1.683,1.53,7.0,1471500000.0,2238390000.0000005,3709890000.000001,0.3966424880522063,0.6033575119477936,4.310457516339869,1.2668110952661429,1.0,1.0,1.0,1.140446068891101,93.62765316919872,90.3,1.0368510871450578,0.0157163873677569,0.0157163873677569,1.9568404901592336,2.4728295567127057,0.6573921434602548,9.56936103276835,7.137254901960784,1.4836601307189543,252230907.6966943,100045494.79248323,152185412.90421107,1.9556877503135057,8.401798302775038,8.000197536442316,8.182373026949596,-0.18217549050728,1.9744948357834895,-0.018807085469983775,0.2597665671999078,-0.5113052299953095,0.8652357402712724,0.9301804880082534,0.8652357402712734,0.7766427747063714,partial_gas_participation_can_match_observed_vflat,False,1.5,4.845447394133337,0.8652357402712724,0.9301804880082534,-0.0188070854699837,0.3966424880522063,0.47036974729824066,0.2974597374170343,0.6033575119477936,0.44630869960514713,0.5209546976946281,0.6296275710904725
NGC5907,1.0,5.0,215.0,2.9,175.425,21.025,5.34,0.0,7.88,449.6,8646.29,17.3,88.0,"Sa96,SA87",215.0,175.425,21.025,5.34,5.0,87712500000.0,27963250000.0,115675750000.0,0.7582617791542307,0.2417382208457693,1.5,1.1377142691005784,1.0,1.0,1.0,1.0242267142793506,209.66943928085624,215.0,0.975206694329564,-0.0109033261546345,0.0109033261546345,2.652826302561005,3.936829797851299,3.136706212618347,11.063242323990439,0.0,1.4756554307116105,645624409.3886263,489552313.3284192,156072096.06020713,2.3324384599156054,8.809979941575211,8.689799107121644,8.193325263021809,0.4964738440998363,2.362555250608417,-0.0301167906928117,0.2597665671999078,-0.5113052299953095,1.1056388857851893,1.0514936451473158,1.105638885785189,1.436997035121672,more_than_total_gas_required,False,0.5,6.097856060738882,1.105638885785189,1.0514936451473158,-0.0301167906928117,0.7582617791542307,0.8092688775098716,0.6589537133089641,0.2417382208457693,0.0,0.23503622893253007,0.6905356799220724
NGC5985,1.0,3.0,293.6,8.6,208.728,11.586,7.01,39.5,10.71,288.95,1461.61,39.7,60.0,"Bl04,Br92",293.6,208.728,11.586,7.01,3.0,104364000000.0,15409380000.0,119773380000.0,0.8713455360448207,0.1286544639551793,3.5813124108416545,1.2439233070527012,1.0395386639968425,1.2,1.2474463967962108,1.396942055477627,247.0050176965448,293.6,0.8412977441980407,-0.0750502755722731,0.0750502755722731,2.460822698802402,3.164831505697767,6.772757891621857,11.078360305501223,5.634807417974322,1.5278174037089873,387921991.97445583,338014096.0405568,49907895.933899,2.467756051244033,8.58874440120979,8.528934811830853,7.698169260838692,0.8307655509921605,2.366482396768465,0.10127365447556791,0.2597665671999078,-0.5113052299953095,1.9961864453707199,1.412864623865542,1.9961864453707208,8.743116054781995,more_than_total_gas_required,False,1.5,8.821379102964652,1.99618644537072,1.412864623865542,0.1012736544755679,0.8713455360448207,0.73021341697423,0.837019810289911,0.1286544639551793,0.28338870471991456,0.39000480400849813,0.0
NGC6195,1.0,3.0,251.7,9.3,391.076,20.907,13.94,40.89,9.52,686.8,174.11,127.8,62.0,SG06,251.7,391.076,20.907,13.94,3.0,195538000000.0,27806310000.0,223344310000.0,0.8755002533979934,0.1244997466020065,1.808106169296987,1.1584342487888706,1.0444353412845864,1.2,1.2533224095415036,1.3070647063409546,279.2021577731948,251.7,1.109265624843841,0.0450355547973543,0.0450355547973543,2.836830286488879,2.240823715517666,7.032144862083462,11.348974892706314,2.9332855093256818,0.6829268292682926,182923489.210516,160149561.15625188,22773928.054264124,2.4008832155483626,8.262269476824219,8.204525752942523,7.35743794432455,0.8470878086179735,2.436779019120952,-0.03589580357258937,0.2597665671999078,-0.5113052299953095,0.6604771249662944,0.8126974375290563,0.6604771249662945,-1.7270969162617826,stellar_mass_alone_exceeds_required_participating_mass,False,0.5,6.90404075610023,0.6604771249662944,0.8126974375290563,-0.0358958035725893,0.8755002533979934,0.5707852013718137,0.8457141351846718,0.1244997466020065,0.0,0.6186902753685708,0.7216583960747667
NGC6503,1.0,6.0,116.3,2.4,12.845,1.744,2.16,14.05,1.62,774.16,398.87,6.26,74.0,"Be91,Be87",116.3,12.845,1.744,2.16,6.0,6422500000.0,2319520000.0000005,8742020000.0,0.7346700190573804,0.2653299809426197,3.627314814814815,1.2455374936398735,1.0,1.0,1.0,1.1212945194323891,115.02422131435556,116.3,0.9890302778534444,-0.0047904128483258,0.0047904128483258,2.8888307280420182,2.6008313731751938,2.76889183969097,9.941611795734016,6.50462962962963,0.75,298211525.9791261,219087067.47421506,79124458.50491108,2.0655797147284485,8.474524425074039,8.340616742278407,7.898310750903658,0.44230599137474946,2.0711931386166267,-0.005613423888178204,0.2597665671999078,-0.5113052299953095,1.0451091532736219,1.0223058022302436,1.045109153273622,1.1700115196683227,more_than_total_gas_required,False,1.5,5.589647180610434,1.045109153273622,1.0223058022302436,-0.0056134238881782,0.7346700190573804,0.6376660204948579,0.6301002960158398,0.2653299809426197,0.37770909314237033,0.47001232412815075,0.5585734667014478
NGC6674,1.0,3.0,241.3,4.9,214.654,32.165,6.04,50.02,7.75,560.83,1370.35,51.2,54.0,"Sa96,Br92",241.3,214.654,32.165,6.04,3.0,107327000000.0,42779450000.00001,150106450000.0,0.7150059174672374,0.2849940825327626,4.782284768211921,1.2789177091641697,1.0,1.2,1.2,1.3816140505574597,259.9080388998896,241.3,1.077115784914586,0.0322623904351289,0.0322623904351289,2.7488312369236176,3.13683150413124,2.5088447841194776,11.176399354063552,8.281456953642385,1.283112582781457,654855694.5823767,468225696.71351725,186629997.86885947,2.3825573219087857,8.816145608463174,8.670455244547798,8.270981451103093,0.39947379344470374,2.3919496638650464,-0.009392341956260708,0.2597665671999078,-0.5113052299953095,0.7429343492980206,0.8619363951580306,0.7429343492980209,0.097996532358081,partial_gas_participation_can_match_observed_vflat,False,1.5,5.879953838168571,0.7429343492980206,0.8619363951580306,-0.0093923419562607,0.7150059174672374,0.7997624922579473,0.6072850057969434,0.2849940825327626,0.5703818498446658,0.230717372159145,0.5789247268290674
NGC6946,1.0,6.0,158.9,10.9,66.173,5.67,2.44,21.25,4.2,571.26,2232.7,5.52,38.0,Bo08,158.9,66.173,5.67,2.44,6.0,33086500000.0,7541100000.0,40627600000.0,0.8143848024495663,0.1856151975504337,5.215163934426229,1.2884687499691123,1.0,1.0,1.0,1.159943361944264,171.77113572436693,158.9,1.081001483476192,0.0338262899432106,0.0338262899432106,2.7568338155405883,3.348830372378482,4.387489888743022,10.608821167944376,8.709016393442623,1.7213114754098362,1086079576.3840847,884486701.2580615,201592875.12602323,2.2011238972073794,9.035861646908801,8.946691307439457,8.304475178824418,0.6422161286150382,2.2445118268393176,-0.04338792963193816,0.2597665671999078,-0.5113052299953095,0.7323097901965829,0.8557510094627894,0.7323097901965832,-0.4421782986314065,stellar_mass_alone_exceeds_required_participating_mass,False,1.5,5.417182202428331,0.7323097901965829,0.8557510094627894,-0.0433879296319381,0.8143848024495663,0.9355164774973475,0.7365857910232575,0.1856151975504337,0.6167448558650581,0.07681316064314825,0.7620070365045637
NGC7331,1.0,3.0,239.0,5.4,250.631,11.067,5.02,27.01,3.99,2470.76,1806.47,14.7,75.0,"Be91,Be87",239.0,250.631,11.067,5.02,3.0,125315500000.0,14719110000.0,140034610000.0,0.894889484820931,0.1051105151790689,3.0876494023904386,1.2249496211358972,1.0693459708003397,1.2,1.2832151649604076,1.4150787367867366,258.50899090409604,239.0,1.081627577004586,0.0340777514417192,0.0340777514417192,3.392830561776918,3.256830753646836,8.513796010764239,11.146235386209625,5.380478087649403,0.7948207171314742,884398675.6339487,791439075.2143781,92959600.41957064,2.3783979009481375,8.946648083561472,8.898417488602549,7.968294248265398,0.9301232403371514,2.3841140734825035,-0.00571617253436596,0.2597665671999078,-0.5113052299953095,0.73061568960702,0.8547606036821187,0.7306156896070202,-1.5628673775792068,stellar_mass_alone_exceeds_required_participating_mass,False,1.5,7.671576756069675,0.73061568960702,0.8547606036821187,-0.0057161725343659,0.894889484820931,0.9117926985626422,0.8899443536810117,0.1051105151790689,0.25581014797345214,0.1393044708844846,0.5591268167314443
NGC7814,1.0,2.0,218.9,7.0,74.529,1.07,2.54,12.15,2.08,2709.13,2635.3,14.4,90.0,Fr11,218.9,74.529,1.07,2.54,2.0,37264500000.0,1423100000.0000002,38687600000.0,0.9632156039661288,0.0367843960338713,2.801181102362205,1.21241992374422,1.215726962628765,1.3,1.5804450514173949,1.7250248653833695,206.92698513381484,218.9,0.9453037237725668,-0.0244286313153802,0.0244286313153802,3.432829845538161,3.420830062026114,26.185440236104277,10.587571788933293,4.783464566929134,0.8188976377952756,954386939.1099899,919280391.9722137,35106547.13777611,2.3402457615679317,8.979724487335302,8.96344799681954,7.545388117054304,1.4180598797652355,2.238991948598479,0.1012538129694529,0.2597665671999078,-0.5113052299953095,1.2523177184776362,1.1190700239384648,1.2523177184776355,7.85936825618395,more_than_total_gas_required,False,0.5,17.148166895944776,1.2523177184776362,1.1190700239384648,0.1012538129694529,0.9632156039661288,0.9437514173489814,1.0,0.0367843960338713,0.19107215161827476,0.11613548477582691,0.0
UGC00128,1.0,8.0,129.3,2.8,12.02,7.431,5.95,31.27,9.63,20.36,88.89,64.5,57.0,"VB99,VH93",129.3,12.02,7.431,5.95,8.0,6010000000.0,9883230000.000002,15893230000.000002,0.378148431753646,0.621851568246354,3.4369747899159666,1.2386949209427192,1.0,1.0,1.0,1.1151344967086132,133.19660971606464,129.3,1.030136192699649,0.0128946458972553,0.0128946458972553,1.308777773664721,1.9488529061997133,0.6081007929593867,10.201212168360524,5.25546218487395,1.6184873949579832,71449364.20299143,27018465.0231563,44430899.17983512,2.111598524880394,7.85399836854531,7.431660672187525,7.647685102457371,-0.21602443026984575,2.1386286362576317,-0.027030111377237542,0.2597665671999078,-0.5113052299953095,0.8880172791386336,0.9423466873389186,0.8880172791386342,0.8199204977850879,partial_gas_participation_can_match_observed_vflat,False,2.5,4.672542212150385,0.8880172791386336,0.9423466873389186,-0.0270301113772375,0.378148431753646,0.19096689066119613,0.27942953066588483,0.621851568246354,0.24225387365582465,0.9046714147016347,0.6739124527046411
UGC00731,1.0,10.0,73.3,2.3,0.323,1.807,2.3,11.57,1.4,25.63,82.57,12.5,57.0,"Sw09,Sw02",73.3,0.323,1.807,2.3,10.0,161500000.0,2403310000.0,2564810000.0,0.0629676272316467,0.9370323727683532,2.819565217391305,1.2132604417332014,1.0,1.0,1.0,1.0922371192407492,83.55044525791908,73.3,1.139842363682389,0.0568447940412088,0.0568447940412088,1.408748606184244,1.916822284595912,0.0671989880622974,9.409055198294674,5.030434782608697,0.6086956521739131,77164875.1590783,4858889.094393403,72305986.0646849,1.865103974641128,7.887419657901373,6.686536986273821,7.859174253134717,-1.172637266860896,1.9328527394601456,-0.06774876481901759,0.2597665671999078,-0.5113052299953095,0.5924078760660874,0.76968037266523,0.5924078760660875,0.5650180977955661,partial_gas_participation_can_match_observed_vflat,True,4.0,3.818442264351378,0.5924078760660874,0.76968037266523,-0.0677487648190175,0.0629676272316467,0.0,0.0,0.9370323727683532,0.21785271247259455,0.8812608470317385,0.8932016495885903
UGC01230,1.0,9.0,103.7,6.1,7.62,6.43,4.34,26.29,6.45,28.63,69.32,53.7,22.0,"dB02,VdH93",103.7,7.62,6.43,4.34,9.0,3810000000.0,8551900000.0,12361900000.0,0.3082050493856122,0.6917949506143878,3.7718894009216593,1.250452323768591,1.0,1.0,1.0,1.125719092851827,125.67903163159885,103.7,1.211948231741551,0.0834840693771751,0.0834840693771751,1.4568213480215986,1.8408585540418796,0.445515031747331,10.092085226100666,6.057603686635945,1.4861751152073734,104454197.95534526,32193311.239361703,72260886.71598355,2.015778756389041,8.01892589871753,7.507765648292483,7.858903286508172,-0.3511376382156886,2.110281105077766,-0.09450234868872531,0.2597665671999078,-0.5113052299953095,0.4635149246504872,0.6808193039643391,0.463514924650487,0.2245027592741795,partial_gas_participation_can_match_observed_vflat,False,2.5,3.1632591328493924,0.4635149246504872,0.6808193039643391,-0.0945023486887253,0.3082050493856122,0.22836806737449666,0.20745920925662303,0.6917949506143878,0.3292352096141034,0.789144839272696,1.0
UGC01281,1.0,8.0,55.2,3.5,0.353,0.294,1.63,5.26,2.01,13.83,135.78,5.27,90.0,"dB02,Sw02",55.2,0.353,0.294,1.63,8.0,176500000.0,391020000.0,567520000.0,0.3110022554271215,0.6889977445728784,2.2300613496932518,1.1835692393043595,1.0,1.0,1.0,1.065507628776736,56.59786875752487,55.2,1.0253237093754506,0.0108610000266834,0.0108610000266834,1.1408221801093106,2.1328358043383724,0.4513835609431743,8.753981171127867,3.226993865030675,1.2331288343558282,33995864.843807615,10572790.641619757,23423074.20218786,1.741939077729199,7.531426093961837,7.02418963255781,7.369643894213213,-0.3454542616554017,1.7626864081612053,-0.020747330432006272,0.2597665671999078,-0.5113052299953095,0.9048071001331854,0.951213488199776,0.9048071001331852,0.8618385900147955,partial_gas_participation_can_match_observed_vflat,False,1.0,5.057646638430096,0.9048071001331854,0.951213488199776,-0.0207473304320062,0.3110022554271215,0.0,0.21048655531665933,0.6889977445728784,0.02229407351900968,1.0,0.6400767073834589
UGC02487,1.0,0.0,332.0,3.5,489.955,17.963,7.89,40.2,9.63,818.14,1150.35,69.1,36.0,"No07,No05",332.0,489.955,17.963,7.89,0.0,244977500000.0,23890790000.000004,268868290000.0,0.9111431474496304,0.0888568525503695,3.157794676806084,1.2278396007840038,1.0935777049443676,1.5,1.6403665574165514,1.8131988587133503,344.4562886831093,332.0,1.0375189418165942,0.0159960343010751,0.0159960343010751,2.912827626440297,3.060829996825313,10.25405606093394,11.429539585079066,5.095057034220533,1.220532319391635,687393957.7004666,626314294.1570613,61079663.54340534,2.5211380837040362,8.837205710302111,8.796792323568935,7.785896636085024,1.010895687483911,2.4577070326961383,0.06343105100789792,0.2597665671999078,-0.5113052299953095,0.863010069011132,0.928983352386431,0.863010069011132,-0.5416923631321922,stellar_mass_alone_exceeds_required_participating_mass,False,1.5,9.635499791371076,0.863010069011132,0.928983352386431,0.0634310510078979,0.9111431474496304,0.8618498308229741,0.9329691554050223,0.0888568525503695,0.22486011673416503,0.21596542964780951,0.18673633139728388
UGC02885,1.0,5.0,289.5,12.0,403.525,40.075,11.4,74.24,12.2,421.53,470.79,80.6,64.0,"Sa96,RA85",289.5,403.525,40.075,11.4,5.0,201762500000.0,53299750000.00001,255062250000.0,0.7910323852314484,0.2089676147685516,3.791228070175438,1.2510919664424829,1.0,1.0,1.0,1.1262949308561363,267.9255399206608,289.5,0.9254768218330252,-0.0336344534924578,0.0336344534924578,2.624828488500072,2.672827229466761,3.785430513276328,11.406646186442565,6.512280701754385,1.0701754385964912,312360863.98615557,247087559.2919247,65273304.694230914,2.4616485680634552,8.494656615411506,8.392850879489966,7.814735600962208,0.578115278527759,2.4517600931207952,0.009888474942659986,0.2597665671999078,-0.5113052299953095,1.3631316887578961,1.1675323073722184,1.363131688757897,2.737741463719603,more_than_total_gas_required,False,1.5,6.326961857143708,1.363131688757896,1.1675323073722184,0.0098884749426599,0.7910323852314484,0.6633360659544618,0.7024413957156014,0.2089676147685516,0.37853874785224695,0.45591035459557805,0.47508841360038606
UGC03205,1.0,2.0,219.6,8.6,113.642,9.677,3.19,28.6,5.35,587.26,3915.89,50.0,67.0,"No07,No05",219.6,113.642,9.677,3.19,2.0,56821000000.0,12870410000.0,69691410000.0,0.8153228640373326,0.1846771359626674,5.321316614420063,1.2906079161079664,1.0,1.3,1.3,1.510429888778797,224.3218621711867,219.6,1.0215021046046753,0.0092392657479627,0.0092392657479627,2.768830420780154,3.5928304836765594,4.414855470804738,10.843179251275886,8.965517241379311,1.677115987460815,1089978714.0991092,888684566.9190147,201294147.1800946,2.3416323357780544,9.037418016803409,8.948747638185475,8.303831147544683,0.6449164906407929,2.305390221641894,0.036242114136160186,0.2597665671999078,-0.5113052299953095,0.9184233929478556,0.9583440890138862,0.9184233929478564,0.5582744630140115,partial_gas_participation_can_match_observed_vflat,False,1.5,7.194564012431446,0.9184233929478556,0.9583440890138862,0.0362421141361601,0.8153228640373326,0.9365270446579859,0.7380241842482398,0.1846771359626674,0.6445588841617568,0.07572297222016622,0.33316160892412144
UGC03546,1.0,1.0,196.9,7.4,101.336,2.675,3.79,18.37,2.58,2403.42,922.21,28.7,55.0,"No07,No05",196.9,101.336,2.675,3.79,1.0,50668000000.0,3557750000.0,54225750000.0,0.9343900268783742,0.0656099731216258,2.763852242744063,1.21069732641967,1.1363764990649612,1.4,1.5909270986909456,1.7339986571099069,225.7367528112344,196.9,1.146453797923994,0.0593565573555587,0.0593565573555587,3.3808296708221524,2.9648298271886078,14.241585271590193,10.734205567483997,4.846965699208443,0.6807387862796834,600824009.5352541,561403962.4188187,39420047.11643547,2.2942457161381182,8.778747279189737,8.74927547358263,7.595717139030073,1.1535583345525562,2.2770825018881466,0.01716321424997158,0.2597665671999078,-0.5113052299953095,0.5788603069657645,0.7608286975172299,0.5788603069657642,-5.418836542632622,stellar_mass_alone_exceeds_required_participating_mass,False,0.5,10.518746533554694,0.5788603069657645,0.7608286975172299,0.0171632142499715,0.9343900268783742,0.8384980581248754,1.0,0.0656099731216258,0.1979579857365505,0.2569137318767277,0.43591050359112227
UGC04278,1.0,7.0,91.4,4.8,1.307,1.116,2.21,8.9,2.46,34.11,377.42,9.51,90.0,"dB02,Sw02",91.4,1.307,1.116,2.21,7.0,653500000.0,1484280000.0000002,2137780000.0,0.3056909504252074,0.6943090495747926,2.5701357466063346,1.201405482248547,1.0,1.0,1.0,1.0815646977631832,79.44078140808993,91.4,0.8691551576377454,-0.0609026883488162,0.0609026883488162,1.5328817194073971,2.576824910294984,0.4402808095507585,9.3299630097118,4.027149321266968,1.1131221719457014,69662425.88050859,21295173.17633824,48367252.70417036,1.9609461957338314,7.842998593983464,7.328281176188226,7.684551419840309,-0.35627024365208276,1.9123072331396451,0.04863896259418632,0.2597665671999078,-0.5113052299953095,1.7523092495903396,1.32374818209142,1.7523092495903403,2.083536575032499,more_than_total_gas_required,False,0.0,6.35880514643127,1.7523092495903396,1.32374818209142,0.0486389625941863,0.3056909504252074,0.14016187111727904,0.20472524069396203,0.6943090495747926,0.10906004985218481,0.9123764126743409,0.266398719867893
UGC04325,1.0,9.0,90.9,2.7,2.026,0.678,1.86,6.61,2.79,41.0,213.22,9.6,41.0,"Sw09,Sw02",90.9,2.026,0.678,1.86,9.0,1013000000.0,901740000.0,1914740000.0,0.5290535529628043,0.4709464470371957,2.5268817204301075,1.1992475258607282,1.0,1.0,1.0,1.0796219985805482,77.21289184749469,90.9,0.8494267529977413,-0.0708740648707405,0.0708740648707405,1.6127838567197357,2.3288279390142805,1.123383680440038,9.282109810037621,3.553763440860215,1.5,88085424.828239,46601906.96961786,41483517.858621135,1.9585638832219674,7.944904053243674,7.6684036885663325,7.617875578040201,0.050528110526131174,1.8998765717307515,0.058687311491215866,0.2597665671999078,-0.5113052299953095,1.9208624175640472,1.385951809250252,1.9208624175640476,2.9553442293860583,more_than_total_gas_required,False,1.0,6.667641923645898,1.9208624175640472,1.385951809250252,0.0586873114912158,0.5290535529628043,0.3073123367068295,0.4214132221583646,0.4709464470371957,0.05772778963236304,0.8409948263888256,0.21228361110601054
UGC04499,1.0,8.0,72.8,2.4,1.552,1.1,1.73,8.67,2.69,33.79,127.3,12.5,50.0,"Sw09,Sw02",72.8,1.552,1.1,1.73,8.0,776000000.0,1463000000.0000002,2239000000.0,0.3465832961143367,0.6534167038856633,3.283236994219653,1.2328423078983566,1.0,1.0,1.0,1.109865684678054,81.40952833469596,72.8,1.1182627518502193,0.0485438592494414,0.0485438592494414,1.5287881917748962,2.1048284036536558,0.530416951469583,9.35005409357903,5.011560693641618,1.5549132947976878,119064425.00008474,41265740.866487615,77798684.13359715,1.8621313793130372,8.075782018963324,7.615589646642483,7.890972251509605,-0.2753826048671224,1.917526225027161,-0.055394845714123786,0.2597665671999078,-0.5113052299953095,0.6394764612737749,0.7996727213515382,0.6394764612737751,0.4482486649295846,partial_gas_participation_can_match_observed_vflat,False,2.0,4.10021991452648,0.6394764612737749,0.7996727213515382,-0.0553948457141237,0.3465832961143367,0.2813573017533543,0.24781140118038383,0.6534167038856633,0.21580607423015763,0.749318905680447,0.8266699553920984
UGC05005,1.0,10.0,98.9,7.2,4.1,3.093,3.2,21.61,5.02,25.63,65.59,53.7,41.0,"dB02,VH93",98.9,4.1,3.093,3.2,10.0,2050000000.0,4113690000.0,6163690000.0,0.3325929759608286,0.6674070240391713,4.1609375,1.262559899973085,1.0,1.0,1.0,1.1366189324078688,106.11924294591644,98.9,1.0729953786240285,0.0305978514697671,0.0305978514697671,1.408748606184244,1.816837630902035,0.49833604379523,9.78984078795116,6.753125,1.5687499999999999,95798997.18614104,31862073.568201702,63936923.617939346,1.9951962915971795,7.981360962953233,7.503274036057827,7.805751735972338,-0.30247769991451057,2.031768104924404,-0.03657181332722437,0.2597665671999078,-0.5113052299953095,0.7544120108792741,0.8685689442291119,0.7544120108792743,0.632026663977226,partial_gas_participation_can_match_observed_vflat,False,2.5,4.397274672293073,0.7544120108792741,0.8685689442291119,-0.0365718133272243,0.3325929759608286,0.226160700767032,0.23337874334609826,0.6674070240391713,0.40465503627931493,0.8154579016251464,0.7252990281598031
UGC05721,1.0,7.0,79.7,6.6,0.531,0.562,0.38,6.74,0.6,233.79,913.76,6.18,61.0,"dB02,Sw02",79.7,0.531,0.562,0.38,7.0,265500000.0,747460000.0000001,1012960000.0,0.2621031432633075,0.7378968567366925,9.657894736842104,1.3360059126415424,1.0,1.0,1.0,1.2027386693887572,69.50406644054378,79.7,0.872071097121001,-0.0594481070070641,0.0594481070070641,2.3688259309588453,2.9608321428206965,0.3552029540042276,9.005592296177396,17.736842105263158,1.5789473684210527,1116465312.7033677,292629067.80400425,823836244.8993636,1.9014583213961123,9.04784523458566,8.466317463825753,8.915840894944411,-0.4495234311186591,1.8280465663846281,0.07341175501148411,0.2597665671999078,-0.5113052299953095,1.7289897873520332,1.3149105624916217,1.7289897873520328,1.9879291132583885,more_than_total_gas_required,False,2.0,8.188097583759184,1.7289897873520332,1.3149105624916215,0.0734117550114841,0.2621031432633075,0.6994406263116703,0.15505236284253995,0.7378968567366925,1.0,0.06841903236017255,0.13298552236298702
UGC06399,1.0,9.0,85.0,3.8,2.296,0.674,2.05,8.8,3.45,30.82,311.05,18.0,75.0,"VS01,SV98",85.0,2.296,0.674,2.05,9.0,1148000000.0,896420000.0000001,2044420000.0,0.5615284530575909,0.4384715469424091,2.987804878048781,1.2207177246052956,1.0,1.0,1.0,1.0989505344988482,79.18776867377045,85.0,0.9316208079267112,-0.0307608199797454,0.0307608199797454,1.4888326343824003,2.4928302056786884,1.280649695455255,9.310570120887753,4.292682926829269,1.6829268292682928,77425234.68314877,43476472.25924946,33948762.42389931,1.9294189257142929,7.8888825304181305,7.638254297592331,7.530823947032782,0.10743035055954901,1.907269608981733,0.02214931673255993,0.2597665671999078,-0.5113052299953095,1.327526746740222,1.1521834692184323,1.3275267467402216,1.7469737752065368,more_than_total_gas_required,False,1.0,5.881969699914258,1.327526746740222,1.1521834692184325,0.0221493167325599,0.5615284530575909,0.29249566167020785,0.45172315681518616,0.4384715469424091,0.13785355785905587,0.8802361505970459,0.4090579847436801
UGC06446,1.0,7.0,82.2,4.3,0.988,1.379,1.49,10.33,2.06,37.05,86.46,12.0,51.0,"VS01,SV98",82.2,0.988,1.379,1.49,7.0,494000000.0,1834070000.0,2328070000.0,0.2121929323430996,0.7878070676569003,4.157718120805369,1.262466015327448,1.0,1.0,1.0,1.136534412801555,83.18917299910873,82.2,1.0120337347823447,0.0051949893670559,0.0051949893670559,1.568788212315347,1.9368152311976328,0.2693463172070859,9.366996034464401,6.932885906040268,1.3825503355704698,166895116.60013008,35413964.18512513,131481152.41500495,1.9148718175400503,8.222443629281738,7.549174543740984,8.118863501960272,-0.5696889582192886,1.9219271748526574,-0.007055357312607091,0.2597665671999078,-0.5113052299953095,0.95327903638487,0.9763600956536835,0.95327903638487,0.9406949168987684,partial_gas_participation_can_match_observed_vflat,False,3.0,5.055832032767422,0.95327903638487,0.9763600956536836,-0.007055357312607,0.2121929323430996,0.2487181350761942,0.09104417489978783,0.7878070676569003,0.42414766161550216,0.6465870356931417,0.5663389598078257
UGC06614,1.0,1.0,199.8,16.0,124.35,21.888,5.1,60.63,3.68,1461.61,540.54,88.7,36.0,"dB01,VH93",199.8,124.35,21.888,5.1,1.0,62175000000.0,29111040000.000004,91286040000.0,0.6811008561659592,0.3188991438340408,6.304901960784315,1.3072102251977589,1.0,1.4,1.4,1.64754151219284,250.63734314036813,199.8,1.2544411568586993,0.0984502943067262,0.0984502943067262,3.164831505697767,2.732827837302287,2.135787659939321,10.960404367736713,11.88823529411765,0.7215686274509805,558578412.1985576,380448234.7842597,178130177.41429797,2.3005954838899636,8.747084147182726,8.580295573387986,8.25073750045312,0.32955807293486544,2.3358413877345323,-0.035245903844568716,0.2597665671999078,-0.5113052299953095,0.403830226698857,0.6354763777662054,0.4038302266988569,-0.8694618183465477,stellar_mass_alone_exceeds_required_participating_mass,False,1.5,5.954717736046878,0.403830226698857,0.6354763777662054,-0.0352459038445687,0.6811008561659592,0.755454249012319,0.5700432220131547,0.3188991438340408,0.9614879051613338,0.27909276532435645,0.7181583788255097
UGC06667,1.0,6.0,83.8,3.1,1.397,0.809,5.15,8.59,3.5,18.06,614.94,18.0,89.0,"VS01,SV98",83.8,1.397,0.809,5.15,6.0,698500000.0,1075970000.0,1774470000.0,0.3936386639390917,0.6063613360609084,1.5,1.1377142691005784,1.0,1.0,1.0,1.0242267142793506,73.78901586001074,83.8,0.8805371821003668,-0.0552523005256959,0.0552523005256959,1.256717745977487,2.788832743515087,0.6491816686338838,9.249068661364879,1.6679611650485435,0.6796116504854368,10648154.279131887,4191525.223854798,6456629.05527709,1.9232440186302764,7.027274334924381,6.622372084009704,6.810005836138861,-0.1876337521291574,1.8912935859636915,0.03195043266658493,0.2597665671999078,-0.5113052299953095,1.663447896169934,1.2897472218112873,1.6634478961699324,2.094146108457169,more_than_total_gas_required,False,0.0,6.354174605416115,1.663447896169934,1.289747221811287,0.0319504326665849,0.3936386639390917,0.0,0.29455230261303045,0.6063613360609084,0.0,1.0,0.3562743423569818
UGC06786,1.0,0.0,219.4,7.8,73.407,5.03,3.6,20.31,3.42,992.73,1078.52,29.3,64.0,"No07,No05",219.4,73.407,5.03,3.6,0.0,36703500000.0,6689900000.000001,43393400000.0,0.8458313937142514,0.1541686062857485,3.2958333333333334,1.2333331959516023,1.0120953548944314,1.5,1.518143032341647,1.6856057564240632,210.5040355276997,219.4,0.9594532157142192,-0.0179761972208674,0.0179761972208674,2.996831146325563,3.0328282030399567,5.486404878996696,10.6374236797072,5.641666666666667,0.95,532891520.64535886,450736377.6059707,82155143.03938816,2.341236623238692,8.726638809814512,8.653922610114448,7.914634756130323,0.7392878539841236,2.2519418031332417,0.08929482010545042,0.2597665671999078,-0.5113052299953095,1.1800619003175814,1.0863065406769774,1.180061900317581,2.167954388741374,more_than_total_gas_required,False,1.5,8.54973655534234,1.1800619003175814,1.0863065406769774,0.0892948201054504,0.8458313937142514,0.7916376624028618,0.7882926772764871,0.1541686062857485,0.28413249694811826,0.29341408455573414,0.04744770875401376
UGC06917,1.0,9.0,108.7,3.5,6.832,2.023,2.76,12.67,4.52,53.07,261.11,18.0,56.0,"VS01,SV98",108.7,6.832,2.023,2.76,9.0,3416000000.0,2690590000.0000005,6106590000.0,0.5593956692687736,0.4406043307312265,3.114130434782609,1.2260485847628753,1.0,1.0,1.0,1.1037496387482806,104.33054618752848,108.7,0.959802632819949,-0.0178180630954004,0.0178180630954004,1.7248490876293856,2.416823504766854,1.2696100111871371,9.785798762190888,4.590579710144928,1.6376811594202898,127585326.60359396,71370679.16429251,56214647.43930147,2.0362295440862948,8.105800729702338,7.853519829528417,7.74984949124934,0.10367033827907687,2.0307181217681243,0.005511422318170478,0.2597665671999078,-0.5113052299953095,1.1783444276266832,1.0855157426894755,1.178344427626684,1.4047722983809614,more_than_total_gas_required,False,1.5,5.495927104083218,1.1783444276266832,1.0855157426894757,0.0055114223181704,0.5593956692687736,0.39828617120431054,0.44972032306974796,0.4406043307312265,0.17015641232245463,0.7282917378883329,0.49866091105822746
UGC06930,1.0,7.0,107.2,5.1,8.932,3.237,3.94,16.76,4.38,73.93,189.16,18.0,32.0,"VS01,SV98",107.2,8.932,3.237,3.94,7.0,4466000000.0,4305210000.000001,8771210000.0,0.5091657821440827,0.4908342178559173,2.682741116751269,1.206879616957999,1.0,1.0,1.0,1.0864927848578605,113.31954022629942,107.2,1.0570852633050318,0.0241100184232918,0.0241100184232918,1.8688207061975173,2.276829305343389,1.037347771653415,9.943059508996027,4.253807106598985,1.1116751269035532,89926397.76836967,45787444.65513184,44138953.113237835,2.030194785356751,7.953887196986764,7.6607464067261555,7.644822028360395,0.01592437836576012,2.0715692061209894,-0.04137442076423836,0.2597665671999078,-0.5113052299953095,0.8008661287325861,0.894911240700767,0.8008661287325858,0.5942950511126154,partial_gas_participation_can_match_observed_vflat,False,0.5,4.572824201808405,0.8008661287325861,0.894911240700767,-0.0413744207642383,0.5091657821440827,0.30354922730314166,0.4029809625487774,0.4908342178559173,0.13363800390420347,0.834702415218044,0.7511633394469506
UGC06983,1.0,6.0,109.0,5.8,5.298,2.967,3.21,16.07,3.95,53.56,121.57,18.0,49.0,"VS01,SV98",109.0,5.298,2.967,3.21,6.0,2649000000.0,3946110000.000001,6595110000.0,0.4016612308210174,0.5983387691789827,3.118380062305296,1.22622404291013,1.0,1.0,1.0,1.1039075948595265,106.36490946102916,109.0,0.9758248574406346,-0.0106281231864467,0.0106281231864467,1.7288405683399717,2.084826416697433,0.6712940085299193,9.819222043551013,5.006230529595015,1.2305295950155763,101866670.23173201,40915892.14491617,60950778.08681585,2.037426497940624,8.008032110383153,7.611892025129372,7.7849792541160685,-0.17308722898669665,2.039400372831601,-0.001973874890977001,0.2597665671999078,-0.5113052299953095,1.1028399572576242,1.0501618719310009,1.102839957257623,1.1718758044021382,more_than_total_gas_required,False,1.5,5.301234844033254,1.1028399572576242,1.0501618719310009,-0.001973874890977,0.4016612308210174,0.27954013548238615,0.3023007526858745,0.5983387691789827,0.21522809043474012,0.7967755972086457,0.5389727749016272
UGC07125,1.0,9.0,65.2,2.1,2.712,4.629,3.38,23.04,3.92,28.11,103.0,19.8,90.0,"Sw09,Sw02",65.2,2.712,4.629,3.38,9.0,1356000000.0,6156569999.999999,7512569999.999999,0.1804974862131068,0.8195025137868931,3.9881656804733727,1.2573763420608173,1.0,1.0,1.0,1.13195243693273,111.27246923349932,65.2,1.7066329637039772,0.2321401297980161,0.2321401297980161,1.4488608456074408,2.012837224705172,0.2202525107324371,9.875788531662657,6.816568047337278,1.1597633136094674,104658682.36615317,18890629.07746666,85768053.2886865,1.8142475957319202,8.019775262749231,7.27624642061762,7.933325552836472,-0.6570791322188518,2.054094455266917,-0.23984685953499696,0.2597665671999078,-0.5113052299953095,0.1178798245567548,0.3433363140664774,0.1178798245567547,-0.0764093588523579,stellar_mass_alone_exceeds_required_participating_mass,True,5.5,0.0,0.1178798245567548,0.3433363140664774,-0.2398468595349969,0.1804974862131068,0.11458981015709098,0.04449432972639155,0.8195025137868931,0.41153457187563935,0.7885498863392923,1.0
UGC07151,1.0,6.0,73.5,2.8,2.284,0.616,1.25,6.39,2.17,76.71,965.67,6.87,90.0,"Sw09,Sw02",73.5,2.284,0.616,1.25,6.0,1142000000.0,819280000.0,1961280000.0,0.5822728014357971,0.417727198564203,3.424,1.238212491786097,1.0,1.0,1.0,1.1147001900963296,78.92969793087273,73.5,1.0738734412363635,0.0309531016509037,0.0309531016509037,1.8848519827459975,2.984828739599503,1.3939068450346646,9.292539599672017,5.112,1.736,199774340.3438544,116323164.80700447,83451175.53684993,1.866287339084195,8.300539705297789,8.065666209535602,7.921432458757283,0.144233750778318,1.9025858823806958,-0.03629854329650084,0.2597665671999078,-0.5113052299953095,0.7519476274746492,0.8671491379656957,0.751947627474649,0.4061857274844737,partial_gas_participation_can_match_observed_vflat,False,1.0,4.771562654564974,0.7519476274746492,0.8671491379656957,-0.0362985432965008,0.5822728014357971,0.5025437986791956,0.4713271065915855,0.417727198564203,0.22669735093206686,0.5918831775370696,0.7238273398669793
UGC07399,1.0,8.0,103.0,3.3,1.156,0.745,1.64,7.85,1.27,113.98,135.78,8.43,55.0,"Sw09,Sw02",103.0,1.156,0.745,1.64,8.0,578000000.0,990850000.0,1568850000.0,0.3684227300251776,0.6315772699748223,2.780487804878049,1.2114676480840527,1.0,1.0,1.0,1.0906231576349938,73.83447925988595,103.0,0.7168396044649121,-0.144578008472295,0.144578008472295,2.056828652637812,2.1328358043383724,0.5833375384770652,9.19558142205319,4.786585365853659,0.774390243902439,92835452.28648129,34202690.77450756,58632761.511973724,2.012837224705172,7.967713857599678,7.534060273967018,7.768140349261868,-0.2340800752948496,1.8773993894186942,0.1354378352864778,0.2597665671999078,-0.5113052299953095,3.7871458758251597,1.946059062779226,3.7871458758251606,5.412992690405514,more_than_total_gas_required,False,1.0,8.139567273856144,3.78714587582516,1.946059062779226,0.1354378352864778,0.3684227300251776,0.24129034909372474,0.26981188783542276,0.6315772699748223,0.19141055981572627,0.8250172720005338,0.0
UGC07524,1.0,9.0,79.5,3.6,2.436,1.779,3.46,12.11,3.61,29.71,106.86,4.74,46.0,"Sw09,Sw02",79.5,2.436,1.779,3.46,9.0,1218000000.0,2366070000.0,3584070000.0,0.3398371125563953,0.6601628874436046,2.2716763005780347,1.185861969872389,1.0,1.0,1.0,1.0675716583491848,89.80885136279126,79.5,1.1296710863244184,0.0529520132288566,0.0529520132288566,1.472902651803664,2.028815169846887,0.5147776692997249,9.554376483221354,3.5,1.0433526011560694,47647971.606750086,16192549.09000706,31455422.516743023,1.9003671286564703,7.678044417277685,7.2093152223531884,7.4976955231073426,-0.2883803007541543,1.970602350786629,-0.07023522213015876,0.2597665671999078,-0.5113052299953095,0.6140333322728487,0.7836027898577498,0.6140333322728487,0.4153463106328845,partial_gas_participation_can_match_observed_vflat,False,1.5,3.934347532241419,0.6140333322728487,0.7836027898577498,-0.0702352221301587,0.3398371125563953,0.08169701257617307,0.2408879599802868,0.6601628874436046,0.05189787570637475,1.0,0.9065923975814231
UGC07603,1.0,7.0,61.6,2.8,0.376,0.258,0.53,4.37,0.85,81.81,520.99,4.7,78.0,"Sw09,Sw02",61.6,0.376,0.258,0.53,7.0,188000000.0,343140000.0,531140000.0,0.3539556425801107,0.6460443574198893,4.9245283018867925,1.2822093879160177,1.0,1.0,1.0,1.1543083743175426,57.941492612499005,61.6,0.940608646306802,-0.0265910334295371,0.0265910334295371,1.9128063926612924,2.716829387432925,0.5478813312350644,8.725209009242763,8.245283018867925,1.6037735849056602,300938257.2938031,106518794.23736675,194419463.05643633,1.7895807121644254,8.47847740168307,8.027426241703987,8.288739739370623,-0.2613134976666361,1.7552123624373914,0.03436834972703395,0.2597665671999078,-0.5113052299953095,1.277509486281266,1.1302696520217048,1.277509486281266,1.4295517530554052,more_than_total_gas_required,False,1.0,6.058173755273723,1.277509486281266,1.1302696520217048,0.0343683497270339,0.3539556425801107,0.4837510748971303,0.25530554762657154,0.6460443574198893,0.5664592786192166,0.4672433876751809,0.34325271601376334
UGC08286,1.0,6.0,82.4,2.3,1.255,0.642,1.05,8.07,2.25,39.52,1488.78,6.5,90.0,"Sw09,Sw02",82.4,1.255,0.642,1.05,6.0,627500000.0,853860000.0000001,1481360000.0,0.4235972349732678,0.5764027650267323,4.914285714285715,1.281977541929827,1.0,1.0,1.0,1.154099655081875,74.87094457286696,82.4,0.9086279681173174,-0.0416138994693549,0.0416138994693549,1.5968169359155906,3.172830525928742,0.7348979926451642,9.170660613561282,7.685714285714286,2.142857142857143,213846500.22549668,90584786.20423068,123261714.02126601,1.9159272116971158,8.33010214706329,7.957055263655085,8.090828202537947,-0.13377293888286337,1.8709257965449049,0.0450014151522109,0.2597665671999078,-0.5113052299953095,1.4670860848491543,1.211233290844152,1.4670860848491536,1.810346710997285,more_than_total_gas_required,False,1.0,6.280345609143627,1.4670860848491545,1.211233290844152,0.0450014151522109,0.4235972349732678,0.4491678252832681,0.3232421701665694,0.5764027650267323,0.5057816601899603,0.5711756118873599,0.2859886323466683
UGC08490,1.0,9.0,78.6,3.8,1.017,0.72,0.67,7.8,1.14,124.98,576.54,4.65,50.0,"Sw09,Sw02",78.6,1.017,0.72,0.67,9.0,508500000.0,957600000.0,1466100000.0,0.3468385512584407,0.6531614487415592,6.671641791044776,1.312134039924436,1.0,1.0,1.0,1.181248027651385,75.55060558750922,78.6,0.9612036334288706,-0.0171845961961374,0.0171845961961374,2.0968405203313893,2.760829443767128,0.5310150375939849,9.166163593747834,11.641791044776118,1.7014925373134326,519797420.5101976,180285784.27763146,339511636.2325661,1.8954225460394079,8.715834119988067,8.255961483498995,8.530854663638586,-0.27489318013959085,1.8697576211453355,0.02566492489407235,0.2597665671999078,-0.5113052299953095,1.1714894579013122,1.0823536658141424,1.1714894579013126,1.2625529388357504,more_than_total_gas_required,False,2.0,6.093629391627556,1.1714894579013122,1.0823536658141424,0.0256649248940723,0.3468385512584407,0.5960628763199961,0.2480721014885299,0.6531614487415592,0.9347643782027176,0.30098243177416206,0.3901247729320713
UGC08550,1.0,7.0,56.9,1.9,0.289,0.288,0.45,5.59,1.01,45.38,1284.78,6.7,90.0,"Sw09,Sw02",56.9,0.289,0.288,0.45,7.0,144500000.0,383040000.0,527540000.0,0.2739128786442734,0.7260871213557266,7.333333333333332,1.3196289846841247,1.0,1.0,1.0,1.1879953480053698,58.68102915994972,56.9,1.0313010397179214,0.0133854555888479,0.0133854555888479,1.6568644915489172,3.108828767382579,0.3772451963241437,8.722255395004163,12.42222222222222,2.2444444444444445,414620240.3886344,113569823.58903147,301050416.79960287,1.7551122663950711,8.617650499095362,8.055262951183764,8.478639232817514,-0.42337628163374996,1.754445112205798,0.0006671541892731003,0.2597665671999078,-0.5113052299953095,0.884012035156039,0.9402191420919056,0.8840120351560395,0.8402561325872419,partial_gas_participation_can_match_observed_vflat,False,2.0,5.801295144205906,0.884012035156039,0.9402191420919056,0.0006671541892731,0.2739128786442734,0.49743120126539975,0.16898008153839988,0.7260871213557266,1.0,0.36975698671415913,0.5247495848645777
UGC09133,1.0,2.0,226.8,4.2,282.926,33.428,6.97,60.35,5.92,1284.78,864.63,57.1,53.0,"No07,No05",226.8,282.926,33.428,6.97,2.0,141463000000.0,44459240000.0,185922240000.0,0.7608718569655787,0.2391281430344212,4.753945480631277,1.278243053811765,1.0,1.3,1.3,1.495958989174262,285.3114381478149,226.8,1.2579869406870148,0.099676132669659,0.099676132669659,3.108828767382579,2.9368303001409872,3.1818582593854505,11.269331343142353,8.658536585365853,0.8493543758967002,609096240.0185609,463444187.2136743,145652052.8048866,2.355643050220869,8.78468591858822,8.6659974393551,8.163316609908088,0.5026808294470122,2.4160902876511057,-0.06044723743023672,0.2597665671999078,-0.5113052299953095,0.3992964686316304,0.6318990968751501,0.3992964686316301,-1.5120570240948248,stellar_mass_alone_exceeds_required_participating_mass,False,1.5,5.340390270381177,0.3992964686316304,0.6318990968751501,-0.0604472374302367,0.7608718569655787,0.7975717398485964,0.662259968390983,0.2391281430344212,0.6112710072538218,0.25275390075758275,0.8538794730976301
UGC10310,1.0,9.0,71.4,3.9,1.741,1.196,1.8,9.58,3.12,28.37,158.79,15.2,34.0,"Sw09,Sw02",71.4,1.741,1.196,1.8,9.0,870500000.0,1590680000.0,2461180000.0,0.3536921314166375,0.6463078685833624,3.5277777777777777,1.2420133910149516,1.0,1.0,1.0,1.118121947768011,83.66752723115584,71.4,1.1718141068789334,0.0688587219551644,0.0688587219551644,1.4528593357958524,2.2008231487109304,0.5472502326049237,9.391143377273732,5.322222222222222,1.7333333333333334,120897828.0367009,42760610.48194286,78137217.55475804,1.8536982117761744,8.082418498709004,7.631043896888623,7.892857942054751,-0.26181404516612783,1.9281998472012365,-0.07450163542506205,0.2597665671999078,-0.5113052299953095,0.5303531005647407,0.7282534590132345,0.5303531005647406,0.2733387256066137,partial_gas_participation_can_match_observed_vflat,False,2.0,3.6663361626158286,0.5303531005647407,0.7282534590132345,-0.074501635425062,0.3536921314166375,0.288952168396901,0.2550389225869717,0.6463078685833624,0.24949309170453782,0.744670259228752,0.9295690499491652
UGC11455,1.0,6.0,269.4,7.4,374.322,13.335,5.93,43.44,10.06,571.26,9568.2,78.6,90.0,SG06,269.4,374.322,13.335,5.93,6.0,187161000000.0,17735550000.000004,204896550000.0,0.913441441546966,0.086558558453034,4.5109612141652615,1.2721892640073276,1.0973202074889763,1.0,1.0973202074889763,1.2567474053673933,267.93790871787155,269.4,0.9945727866290704,-0.0023634280502215,0.0023634280502215,2.7568338155405883,3.9808302446113695,10.552872620245775,11.311534645914243,7.325463743676223,1.6964586846543004,927353661.0363086,847083264.9608623,80270396.07544641,2.4303975913869666,8.967245390827602,8.92792610187228,7.904555405906341,1.0233706959659399,2.427053294736658,0.0033442966503085536,0.2597665671999078,-0.5113052299953095,1.022006627697319,1.0109434344696635,1.0220066276973194,1.2542397665883032,more_than_total_gas_required,False,1.5,8.42101565440443,1.022006627697319,1.0109434344696635,0.0033442966503085,0.913441441546966,0.9262944685644304,0.9396141783726862,0.086558558453034,0.4667173886651311,0.12487670149371777,0.5103319072008557
UGC11914,1.0,2.0,288.1,10.5,150.028,0.888,2.44,9.26,3.12,2425.66,3168.33,16.9,31.0,"No07,No05",288.1,150.028,0.888,2.44,2.0,75014000000.0,1181040000.0,76195040000.0,0.98449977846327,0.0155002215367299,2.5368852459016398,1.199749374092115,1.331172313914355,1.3,1.7305240080886617,1.869093619266172,255.1665290039442,288.1,0.8856873620407643,-0.0527195522682522,0.0527195522682522,3.3848299265915687,3.5008304095699527,63.51520693625957,10.881926701382376,3.7950819672131146,1.278688524590164,2036888144.1623034,2005315926.6822488,31572217.480054434,2.459543258280413,9.308967180346801,9.30218280309398,7.499305085710113,1.8028777173838684,2.3154555137438066,0.14408774453660644,0.2597665671999078,-0.5113052299953095,1.625092960567897,1.2747913400113358,1.625092960567897,41.32800170543701,more_than_total_gas_required,False,0.5,37.92655468973537,1.625092960567897,1.2747913400113358,0.1440877445366064,0.98449977846327,1.0,1.0,0.0155002215367299,0.08389550164770063,0.0,0.0
UGC12632,1.0,9.0,71.7,2.8,1.301,1.744,2.42,12.6,3.94,13.09,66.81,9.77,46.0,"Sw09,Sw02",71.7,1.301,1.744,2.42,9.0,650500000.0,2319520000.0000005,2970020000.0000005,0.2190220941273122,0.7809779058726878,3.4173553719008263,1.2379646219141702,1.0,1.0,1.0,1.1144770453653656,87.54914529433222,71.7,1.2210480515248563,0.086732754937078,0.086732754937078,1.1169396465507555,1.8248414717537007,0.2804459543353796,9.472759373849332,5.206611570247934,1.6280991735537191,80713981.9824109,17678145.359141782,63035836.6232691,1.8555191556678001,7.906948773530353,7.2474367005786275,7.799587521244657,-0.5521508206660293,1.9494009544602795,-0.09388179879247938,0.2597665671999078,-0.5113052299953095,0.4498513004054624,0.6707095499584469,0.4498513004054623,0.295564323321304,partial_gas_participation_can_match_observed_vflat,True,4.0,3.222062980742751,0.4498513004054624,0.6707095499584469,-0.0938817987924793,0.2190220941273122,0.10043150559691269,0.1003861586763395,0.7809779058726878,0.23695668891570054,0.867581312466369,1.0
UGCA442,1.0,9.0,56.4,2.1,0.14,0.263,1.18,4.37,1.71,7.6,116.1,4.35,64.0,Co00,56.4,0.14,0.263,1.18,9.0,70000000.0,349790000.00000006,419790000.00000006,0.1667500416875104,0.8332499583124896,2.576271186440678,1.2017090692771988,1.0,1.0,1.0,1.0818380018372364,52.88903485530941,56.4,0.9377488449522946,-0.0279134621078221,0.0279134621078221,0.8808135922807914,2.064832219738574,0.2001200720432259,8.623032088852037,3.703389830508475,1.4491525423728815,47983089.31380837,8001182.14337308,39981907.17043529,1.7512791039833422,7.681088205881671,6.9031541570438915,7.601863506486478,-0.6987093494425869,1.7286702145804345,0.022608889402907728,0.2597665671999078,-0.5113052299953095,1.293164722119891,1.1371740069663443,1.293164722119892,1.3518328674310574,more_than_total_gas_required,False,3.0,5.879654295477313,1.293164722119891,1.1371740069663443,0.0226088894029077,0.1667500416875104,0.0,0.02231929473550795,0.8332499583124896,0.07395273652468981,1.0,0.40658296866942617
