galaxy_name,T,Vflat,e_Vflat,RHI,SBeff,SBdisk,M_baryon_Msun,M_star_Msun,M_gas_Msun,Rdisk_kpc,f_star,f_gas,Sigma_baryon_Msun_kpc2,log10_Sigma_b,A_gov_star_sigma,A_gov,maturity_class,A_gov_star_sigma_gas,v_newton_km_s,v_bdvr_full_km_s,A_implied,distance_to_half_activation,log10_velocity_error_full_bdvr,claim_boundary,stellar_to_gas_ratio,RHI_over_Rdisk,v_bdvr_full_source_km_s,v_full_normalization,btfr_v2_km2_s2,A_inferred,A_gov_inferred,alpha_BTFR,btfr_offset_dex,A_inferred_bin,clipped_low_activation,clipped_high_activation,A_star,A_sigma,A_gas,A_HI,A_pred_final,best_model_variant,A_pred,A_gov_pred,A_class,v_governor_pred_km_s,log10_velocity_residual_pred_minus_obs,abs_log10_velocity_residual,juvenile_candidate,mature_falsifier_candidate,A_pred_m18,state_score,state_drive,reservoir_detuning,state_equilibrium,coherent_transfer_term,active_loss_term,bloch_u_final,bloch_v_final,bloch_w_final,A_pred_m19,A_pred_m9,quantum_family,template_name,m19_residual_pred_minus_inferred
D631-7,10.0,57.7,2.7,0.0,20.93,115.04,483700000.0,98000000.0,385700000.0,0.7,0.2026049204052098,0.7973950795947902,157108665.25214228,8.196200139001826,0.0335516004490081,0.0026071144354172,juvenile,0.0026071144354172,44.51234813364735,68.96990630877566,1.0,0.5,-0.0343674308677844,diagnostic_quantum_state_rank_governor_not_accepted_model,0.2540834845735027,,53.30996314567532,vN2_plus_sqrt_GMbar_a0_Qeff1,2775.4988398702744,0.485657152604677,0.485657152604677,1.1995285143609031,0.039505288087067,transition,False,False,0.3836815704866956,0.8298833197135449,0.4063293572142348,0.8088254600269593,0.1046456040433676,product_star_sigma_gas_hi,0.1046456040433676,0.1046456040433676,low,47.663328555514354,-0.0829914452498722,0.0829914452498722,True,False,0.2584822436328521,0.17766585654354916,0.553098780607164,0.6928148241735073,0.3984040919771815,0.0,0.2598982633149222,,,-0.24973238375790363,0.3751338081210482,0.1046456040433676,two_channel_master,gas_hi,-0.11052334448362883
DDO064,10.0,46.1,3.9,3.49,17.41,151.65,359130000.0,78500000.0,280630000.0,0.69,0.2185837997382563,0.7814162002617436,120053170.99893376,8.0793736356896,0.0339010906970708,0.0030496350599037,juvenile,0.0030496350599037,38.63160738634843,62.3213261879251,0.6616530520378597,0.1616530520378597,0.0307763564317417,diagnostic_quantum_state_rank_governor_not_accepted_model,0.279727755407476,5.057971014492754,49.48542241518229,vN2_plus_sqrt_GMbar_a0_Qeff1,2391.546608568789,0.2646023742458992,0.2646023742458992,0.8886341551469169,-0.0256384992124591,low,False,False,0.4220991676855953,0.7535236841731908,0.4374962658229879,0.919976588403014,0.1280154918424996,product_star_sigma_gas_hi,0.1280154918424996,0.1280154918424996,low,42.40938698700048,-0.0362389304608778,0.0362389304608778,True,False,0.2921994194991845,0.4482627505305303,0.6313273304113218,0.6012805753187002,0.46943459470206866,0.0,0.2542956542503063,,,-0.1541531035971998,0.4229234482014001,0.1280154918424996,two_channel_master,gas_hi,0.15832107395550088
DDO161,10.0,66.3,1.9,10.69,20.74,169.37,2106740000.0,274000000.0,1832740000.0,1.22,0.1300587637772103,0.8699412362227897,225274176.84051275,8.352711411437879,0.0169268048516964,0.0006633249648438,juvenile,0.0006633249648438,70.36667605242577,103.65263235302744,0.0,0.5,0.0650535673224326,diagnostic_quantum_state_rank_governor_not_accepted_model,0.1495029300391763,8.762295081967213,77.01354161757533,vN2_plus_sqrt_GMbar_a0_Qeff1,5792.399095044836,0.0,0.0,0.7588720887275076,-0.0599157101031501,low,True,False,0.2315797704888732,0.9012192343966466,0.2769723286453937,0.2205790596596986,0.0127506326762463,product_star_sigma_gas_hi,0.0127506326762463,0.0127506326762463,low,70.88953273821298,0.0290685853448532,0.0290685853448532,True,False,0.0939658589584321,-0.6168984376066982,0.32294332844777635,0.970178098594674,0.21931524961867238,0.0,0.22932948457294755,,,-0.5272425034019285,0.23637874829903577,0.0127506326762463,two_channel_master,gas_hi,0.23637874829903577
ESO079-G014,4.0,175.0,3.5,17.67,157.34,2295.25,30042700000.0,25866500000.0,4176200000.000001,5.08,0.8609911892073615,0.1390088107926385,185281333.65470937,8.2678316681095,0.7395151354129029,0.7275761776685452,transition,0.7275761776685452,130.22042417164954,197.0560091303204,1.0,0.5,-0.0679389479865981,diagnostic_quantum_state_rank_governor_not_accepted_model,6.193788611656529,3.478346456692914,149.65771177650524,vN2_plus_sqrt_GMbar_a0_Qeff1,21873.711862924592,0.6248432462769151,0.6248432462769151,1.4000824456277412,0.0730768052058808,transition,False,False,0.9977841743175164,0.8666117099034408,0.9925193699848078,0.9823922849555484,0.8431116663588666,product_star_sigma_gas_hi,0.8431116663588666,0.8431116663588666,high,188.14712469141907,0.0314595370299547,0.0314595370299547,False,False,0.7257074922598714,2.1899642759520246,0.9326393231947807,0.021773446129595198,0.8499938299754035,0.0,0.014836047251149169,,,0.3627651923214412,0.6813825961607206,0.8431116663588666,two_channel_master,gas_hi,0.05653934988380549
ESO116-G012,7.0,109.1,3.1,9.58,90.54,1320.78,3586390000.0,2146000000.0,1440390000.0,1.51,0.5983732945942856,0.4016267054057144,250336255.58323848,8.398523751963339,0.7112971380206047,0.579803731871834,transition,0.579803731871834,82.52428402081705,119.8658426737016,1.0,0.5,-0.0934960114205603,diagnostic_quantum_state_rank_governor_not_accepted_model,1.489874270162942,6.344370860927152,87.9688144735149,vN2_plus_sqrt_GMbar_a0_Qeff1,7557.562786728102,0.6738352945998136,0.6738352945998136,1.5749535049715528,0.098633868639843,transition,False,False,0.970221361510301,0.9163759086009258,0.9419685267194016,0.7605375996772379,0.636944478854923,product_star_sigma_gas_hi,0.636944478854923,0.636944478854923,transition,107.81468055767904,-0.00514685011703,0.00514685011703,True,False,0.5343915078375032,0.9525023424629344,0.7582305320347281,0.35274127147231826,0.617702738068485,0.0,0.18558256987907143,,,0.05223054339211464,0.5261152716960573,0.636944478854923,two_channel_master,gas_hi,-0.1477200229037563
ESO563-G021,4.0,314.6,11.7,55.71,429.37,6558.89,187904840000.0,155588500000.0,32316340000.0,5.45,0.8280175220606345,0.1719824779393654,1006850740.4054112,9.00296509376827,0.9718101743457644,0.9501294620596824,mature,0.9501294620596824,233.88964509869035,330.76990819719776,1.0,0.5,-0.1105551010483615,diagnostic_quantum_state_rank_governor_not_accepted_model,4.814545830375593,10.222018348623854,243.89540442434864,vN2_plus_sqrt_GMbar_a0_Qeff1,54704.36608439133,0.8092369418432914,0.8092369418432914,1.809236941843291,0.1287477233958003,high,False,False,0.9969213332104384,0.99193289178404,0.9902832534985672,0.061686538199826,0.0604077993199511,product_star_sigma_gas_hi,0.0604077993199511,0.0604077993199511,low,240.85044416139732,-0.1160112667372259,0.1160112667372259,True,False,0.1652370054630038,0.5237948000161925,0.6521614593886782,0.9796953088152013,0.4098173707010645,0.0,0.35456520395806457,,,-0.2761724981885245,0.36191375090573774,0.0604077993199511,two_channel_master,gas_hi,-0.4473231909375537
F563-1,9.0,109.9,12.5,23.47,14.22,41.77,5207500000.0,951500000.0,4256000000.0,3.52,0.1827172347575612,0.8172827652424388,66890444.71131241,7.825364083305407,0.012916222974059,0.0008343350747125,juvenile,0.0008343350747125,65.1305564828556,115.53712873093724,1.0,0.5,-0.0561760123277115,diagnostic_quantum_state_rank_governor_not_accepted_model,0.2235667293233082,6.667613636363636,96.56543030573992,vN2_plus_sqrt_GMbar_a0_Qeff1,9106.83872762272,0.8604545272626233,0.8604545272626233,1.3262571525907416,0.0613138695469941,high,False,False,0.3378639715509429,0.5253423488156741,0.3685919495214657,0.6968592773025386,0.0455905914114174,product_star_sigma_gas_hi,0.0455905914114174,0.0455905914114174,low,68.2435018975958,-0.2069363879835397,0.2069363879835397,True,False,0.1646345319808509,-0.009045773977566895,0.4972862944528868,0.7794291937724466,0.34733370206689407,0.0,0.26323735740897103,,,-0.32453811196139815,0.3377309440193009,0.0455905914114174,two_channel_master,gas_hi,-0.5227235832433224
F563-V2,10.0,116.6,9.4,11.37,23.6,146.16,4377770000.0,1493000000.0,2884770000.0,2.43,0.341041215047844,0.658958784952156,117994163.35914348,8.071860525241643,0.1216472460465088,0.0306181127064098,transition,0.0306181127064098,71.87284146811513,116.25648705250852,1.0,0.5,-0.1007209547830663,diagnostic_quantum_state_rank_governor_not_accepted_model,0.5175455928895545,4.679012345679012,92.46504718896408,vN2_plus_sqrt_GMbar_a0_Qeff1,8349.865441089274,1.0,1.0,1.6282370172214895,0.105858812002349,high,False,True,0.7130844940837773,0.7478997465876335,0.6744386342538768,0.9437994765797928,0.3394740263389203,product_star_sigma_gas_hi,0.3394740263389203,0.3394740263389203,transition,89.44421603086245,-0.1151462885503078,0.1151462885503078,False,False,0.4068985176774858,0.7986937073551836,0.7228078455192694,0.3647664907155789,0.5859242952249102,0.0,0.186161653373588,,,0.020716859207030147,0.5103584296035151,0.3394740263389203,two_channel_master,gas_hi,-0.4896415703964849
F568-V1,7.0,112.3,15.8,14.38,31.39,90.54,5225530000.0,1912500000.0,3313030000.0000005,2.85,0.3659915836288376,0.6340084163711625,102390757.74392018,8.010260757011247,0.1364186719401666,0.0411325566801155,transition,0.0411325566801155,72.5077158237496,119.91646812046147,1.0,0.5,-0.0651828094740288,diagnostic_quantum_state_rank_governor_not_accepted_model,0.57726612798556,5.045614035087719,96.648906959986,vN2_plus_sqrt_GMbar_a0_Qeff1,9122.590472508022,0.8061220295029421,0.8061220295029421,1.3824242179900077,0.0703206666933114,high,False,False,0.7613174215214707,0.6986848442801544,0.7166556807030399,0.920881596903618,0.3510439013871957,product_star_sigma_gas_hi,0.3510439013871957,0.3510439013871957,transition,91.97716349292637,-0.0866997441346031,0.0866997441346031,False,False,0.4356767814174486,0.7650600492000834,0.714649111632459,0.3460108556433995,0.5830336438161813,0.0,0.17718337718429253,,,0.024149238640643,0.5120746193203215,0.3510439013871957,two_channel_master,gas_hi,-0.2940474101826206
F571-8,5.0,139.7,4.3,24.55,825.71,87.26,7452060000.0,5082000000.0,2370060000.0,3.56,0.6819590824550527,0.3180409175449473,93582895.56380112,7.971196478641222,0.4437925143894947,0.4040671367153705,transition,0.4040671367153705,77.4737635436703,129.98568972647223,1.0,0.5,-0.1214629599370769,diagnostic_quantum_state_rank_governor_not_accepted_model,2.1442495126705654,6.896067415730337,105.61690728911005,vN2_plus_sqrt_GMbar_a0_Qeff1,10894.095496046171,1.0,1.0,1.791437389830393,0.1266008171563595,high,False,True,0.98686938053915,0.6648060255106079,0.9693998619210156,0.6465555033068935,0.4112097350025153,product_star_sigma_gas_hi,0.4112097350025153,0.4112097350025153,transition,102.3813565042082,-0.1349755266668091,0.1349755266668091,True,False,0.4318305430716523,0.9999154867926316,0.7685067416920042,0.48511351799711533,0.6015293716820523,0.0,0.24132686359045327,,,-0.005070546841004386,0.4974647265794978,0.4112097350025153,two_channel_master,gas_hi,-0.5025352734205022
F574-1,7.0,97.8,4.1,16.19,29.98,128.48,7955420000.000001,3268500000.0,4686920000.000001,4.46,0.4108519726174104,0.5891480273825895,63652215.87866868,7.803813527033311,0.1205160633108389,0.0486114805074435,transition,0.0486114805074435,71.51639399850716,127.94767293822812,0.6941665594824716,0.1941665594824716,0.0404912838571592,diagnostic_quantum_state_rank_governor_not_accepted_model,0.697366287455301,3.630044843049328,107.35694354973056,vN2_plus_sqrt_GMbar_a0_Qeff1,11256.012399758083,0.3953660702742239,0.3953660702742239,0.8497538613413013,-0.0353534266378766,transition,False,False,0.833205768430071,0.5038134530882591,0.7836077394343032,0.9795669151458812,0.3222217508924109,product_star_sigma_gas_hi,0.3222217508924109,0.3222217508924109,transition,93.49613165295368,-0.0195452122202212,0.0195452122202212,False,True,0.4556266389747968,1.1955895003650863,0.8076337238101424,0.22989086162200523,0.6840741774398692,0.0,0.13247638331323536,,,0.15251543605119688,0.5762577180255984,0.3222217508924109,two_channel_master,gas_hi,0.18089164775137456
F579-V1,5.0,112.1,13.4,20.96,56.6,201.76,8909850000.0,5924000000.0,2985850000.0,3.37,0.6648821248393632,0.3351178751606368,124862125.2020643,8.096430722519624,0.5532698359737562,0.4954855462357668,transition,0.4954855462357668,87.068633236026,139.61748954669423,1.0,0.5,-0.0064736539990357,diagnostic_quantum_state_rank_governor_not_accepted_model,1.984024649597267,6.2195845697329375,110.44141406301956,vN2_plus_sqrt_GMbar_a0_Qeff1,11912.096493731664,0.4185210478301462,0.4185210478301462,1.0549284927814886,0.0116115112183184,transition,False,False,0.984462223112073,0.7659752339672691,0.9650768229134704,0.7825204835477995,0.5694706999673705,product_star_sigma_gas_hi,0.5694706999673705,0.5694706999673705,transition,119.85214567104688,0.0290402008665165,0.0290402008665165,True,True,0.5397523978446346,1.1236504232692306,0.793864734942601,0.30669669342951145,0.6578129231802052,0.0,0.16885012541287553,,,0.10108865879692042,0.5505443293984602,0.5694706999673705,two_channel_master,gas_hi,0.132023281568314
F583-1,9.0,85.8,3.6,15.65,11.19,60.93,3320580000.0,493000000.0,2827580000.0,2.36,0.1484680387161279,0.8515319612838721,94887733.57729214,7.97721007350196,0.0124676066455833,0.0005827180184611,juvenile,0.0005827180184611,63.5173621461452,106.33229803388308,0.9752101366470044,0.4752101366470044,0.0024805595421997,diagnostic_quantum_state_rank_governor_not_accepted_model,0.1743540412649686,6.63135593220339,86.29146602759424,vN2_plus_sqrt_GMbar_a0_Qeff1,7272.10231116198,0.4575272134013476,0.4575272134013476,1.0123124902547902,0.0026572976770827,transition,False,False,0.2659400852850787,0.6701448565572562,0.3074100301830841,0.7044634784041794,0.03859481902144,product_star_sigma_gas_hi,0.03859481902144,0.03859481902144,low,65.68957882807022,-0.1159908104722153,0.1159908104722153,True,False,0.15669526375744,-0.07339124783789619,0.47799684561603917,0.8128413049748289,0.32982292648668465,0.0,0.2637238584934052,,,-0.3511061584116425,0.32444692079417875,0.03859481902144,two_channel_master,gas_hi,-0.13308029260716886
IC4202,4.0,242.6,11.0,32.13,391.59,8888.53,106268080000.0,89874500000.0,16393580000.0,4.78,0.8457337330268883,0.1542662669731117,740230835.6333491,8.869367172445768,0.9617094735606552,0.9436721794762768,mature,0.9436721794762768,202.8276746883573,286.84164836887305,1.0,0.5,-0.0631031329347157,diagnostic_quantum_state_rank_governor_not_accepted_model,5.482298558338081,6.7217573221757325,209.7913915226709,vN2_plus_sqrt_GMbar_a0_Qeff1,41139.06561948612,0.4306294786657136,0.4306294786657136,1.4306294786657134,0.0777635848019734,transition,False,False,0.9974198836414798,0.986312209147665,0.9915564233780658,0.6853012472483689,0.6684845668802402,product_star_sigma_gas_hi,0.6684845668802402,0.6684845668802402,transition,261.9921679783311,0.0333975121379187,0.0333975121379187,True,True,0.5677606484512809,1.389890344536151,0.8412914183689297,0.4222142549461697,0.6844159659571445,0.0,0.2266536875647146,,,0.07364299006726749,0.5368214950336337,0.6684845668802402,two_channel_master,gas_hi,0.10619201636792014
NGC0024,5.0,106.3,7.9,7.29,151.65,1182.58,2843580000.0,1944500000.0,899080000.0000001,1.34,0.6838210987557938,0.3161789012442063,252043780.9519115,8.401475985917836,0.7853626911934626,0.7162449635294088,transition,0.7162449635294088,78.00488619946532,113.2002992120388,1.0,0.5,-0.1074025413310721,diagnostic_quantum_state_rank_governor_not_accepted_model,2.1627663834141564,5.440298507462686,83.0100591249191,vN2_plus_sqrt_GMbar_a0_Qeff1,6729.545470703575,0.7749301571274237,0.7749301571274237,1.679116375569807,0.1125403985503548,high,False,False,0.987108489877616,0.9172764022224134,0.9698386609986854,0.8869242361808706,0.7788451564067332,product_star_sigma_gas_hi,0.7788451564067332,0.7788451564067332,high,106.4238514886014,0.0005057075055413,0.0005057075055413,False,False,0.6935657121495001,1.3484029083833853,0.834530650047529,0.15949113600718678,0.7213422563535011,0.0,0.09662225486060014,,,0.21163165903146197,0.605815829515731,0.7788451564067332,two_channel_master,gas_hi,-0.16911432761169276
NGC0100,6.0,88.1,6.4,16.36,64.99,1193.52,4262700000.0,1616000000.0,2646700000.0,1.66,0.3791024468060149,0.620897553193985,246200383.1898038,8.391288724537977,0.2475247759715309,0.0816399210386158,transition,0.0816399210386158,85.80840348533991,124.90988105768707,0.371210947874995,0.1287890521250049,0.0181096442728357,diagnostic_quantum_state_rank_governor_not_accepted_model,0.6105716552688253,9.855421686746988,91.85135187873628,vN2_plus_sqrt_GMbar_a0_Qeff1,8239.396277142641,0.0483685791885847,0.0483685791885847,0.9420119798742904,-0.0129717870535531,low,False,False,0.7843205405477046,0.9141313053497688,0.7374621638816675,0.0866357916084953,0.045807781834274,product_star_sigma_gas_hi,0.045807781834274,0.045807781834274,low,87.98017149228781,-0.0005911042369721,0.0005911042369721,True,True,0.141789750336904,-0.3453135865040131,0.3978632312891607,0.9767866991885231,0.25775301555443936,0.0,0.26114392653835533,,,-0.4652999948600781,0.26735000256996094,0.045807781834274,two_channel_master,gas_hi,0.21898142338137624
NGC0801,5.0,220.1,6.2,44.99,818.14,1558.94,187142330000.0,156285000000.0,30857330000.0,8.72,0.8351130393642101,0.1648869606357899,391705071.1381973,8.59295919409849,0.9057423542067708,0.8868908718486853,mature,0.8868908718486853,233.65200456150845,330.4338337265455,0.0,0.5,0.0335696823142131,diagnostic_quantum_state_rank_governor_not_accepted_model,5.064760949829425,5.159403669724771,237.7878854327841,vN2_plus_sqrt_GMbar_a0_Qeff1,54593.25923561118,0.0,0.0,0.8873624817109284,-0.0259494687486376,low,True,False,0.9971316057759098,0.9597605811987114,0.9908145285459468,0.9121838656288352,0.8649482881154322,product_star_sigma_gas_hi,0.8649482881154322,0.8649482881154322,high,319.08244287972826,0.1612828657760906,0.1612828657760906,False,True,0.6824135006187082,1.737022917907205,0.8893803753610581,0.10724693166314692,0.7864773132937773,0.0,0.0686401951767048,,,0.2800402605884811,0.6400201302942405,0.8649482881154322,two_channel_master,gas_hi,0.6400201302942405
NGC0891,3.0,216.1,5.7,18.16,1617.45,5067.92,75104460000.0,69170000000.0,5934460000.0,2.55,0.9209839202625252,0.0790160797374749,1838253911.149189,9.26440549866864,0.9902027686284448,0.981364379587435,mature,0.981364379587435,185.97001889440784,263.0013229152524,1.0,0.5,-0.0401980949115302,diagnostic_quantum_state_rank_governor_not_accepted_model,11.65565190430132,7.121568627450981,196.99566617863684,vN2_plus_sqrt_GMbar_a0_Qeff1,34584.84792758641,0.3502794662500347,0.3502794662500347,1.3502794662500348,0.0652118316880249,transition,False,False,0.9987826237130316,0.997150113044684,0.9953576035415026,0.5934947134256248,0.5883388322172799,product_star_sigma_gas_hi,0.5883388322172799,0.5883388322172799,transition,234.37674152892137,0.0352597452118728,0.0352597452118728,True,True,0.5488810996860997,1.4554998399746701,0.8515234249571877,0.538558232960798,0.675584531807691,0.0,0.27591833939210453,,,0.024655543283427228,0.5123277716417136,0.5883388322172799,two_channel_master,gas_hi,0.16204830539167892
NGC1003,6.0,109.8,4.2,33.33,140.87,1345.33,11230400000.0,3410000000.0,7820400000.0,1.61,0.3036401196751674,0.6963598803248326,689546573.3957869,8.838563604646323,0.1422813562876586,0.0267371588548037,transition,0.0267371588548037,115.6445870046507,163.5461433570124,0.0,0.5,0.0363757592757086,diagnostic_quantum_state_rank_governor_not_accepted_model,0.4360390772850493,20.701863354037265,119.39278955280356,vN2_plus_sqrt_GMbar_a0_Qeff1,13373.670503476227,0.0,0.0,0.9014757763671736,-0.0225229693745119,low,True,False,0.6309748479680837,0.984545112426403,0.6056637416521518,1.8471526711205337e-06,6.949955689801264e-07,product_star_sigma_gas_hi,6.949955689801264e-07,6.949955689801264e-07,low,115.6446271908815,0.0225231202908297,0.0225231202908297,True,True,0.0226809798551721,-3.07291604502094,0.024423107828160436,0.9999999562015071,0.0370286115706397,0.0,0.08624415484135625,,,-0.8275116827625592,0.08624415861872042,6.949955689801264e-07,two_channel_master,gas_hi,0.08624415861872042
NGC1090,4.0,164.4,3.7,30.49,283.68,2055.09,47703890000.0,36022500000.0,11681390000.0,3.53,0.7551270976014745,0.2448729023985255,609290653.0196078,8.784824515769072,0.9344752102096356,0.892271848750169,mature,0.892271848750169,166.02173646450927,234.7901913568409,0.0,0.5,0.0167174293331434,diagnostic_quantum_state_rank_governor_not_accepted_model,3.0837511631749304,8.637393767705383,170.8516756429056,vN2_plus_sqrt_GMbar_a0_Qeff1,27563.216978690973,0.0,0.0,0.9805589826795166,-0.0042631387432271,low,True,False,0.9936395221315648,0.9809096627228728,0.9827241142301312,0.242799189679939,0.2325609088207237,product_star_sigma_gas_hi,0.2325609088207237,0.2325609088207237,low,184.3185931187577,0.049667333635158,0.049667333635158,True,True,0.2986948736231528,0.7436081363044335,0.709370719898739,0.8791832136838643,0.47291153410856246,0.0,0.34974419415417857,,,-0.2043883715915914,0.3978058142042043,0.2325609088207237,two_channel_master,gas_hi,0.3978058142042043
NGC2403,6.0,131.2,4.9,15.11,341.06,1408.74,9275170000.0,5020500000.0,4254670000.0,1.39,0.5412838794329377,0.4587161205670624,764033514.5787768,8.883112409462322,0.7281133473124252,0.5195676440307543,mature,0.5195676440307543,110.24451032869754,155.90928168402485,1.0,0.5,-0.0605548548670959,diagnostic_quantum_state_rank_governor_not_accepted_model,1.17999750861994,10.870503597122305,114.12452426744402,vN2_plus_sqrt_GMbar_a0_Qeff1,12153.852057614306,0.4162950082328754,0.4162950082328754,1.416295008232875,0.0755768622359338,transition,False,False,0.9484774673740476,0.9870349687376554,0.91135323573941,0.033230126532589,0.0283516469370487,product_star_sigma_gas_hi,0.0283516469370487,0.0283516469370487,low,111.79639430713722,-0.0695060382671076,0.0695060382671076,True,True,0.1222564048981773,-0.24021297265578023,0.4284309866380864,0.9913222799082994,0.2718556267528743,0.0,0.2753767582819319,,,-0.4444253622396035,0.27778731888019825,0.0283516469370487,two_channel_master,gas_hi,-0.13850768935267715
NGC2841,3.0,284.8,8.6,45.12,983.63,4751.49,107061250000.0,94060500000.0,13000750000.000002,3.64,0.8785671753318778,0.1214328246681222,1286025778.2195086,9.109249674051874,0.9825675027448064,0.9692267056680238,mature,0.9692267056680238,203.2050892692085,287.3753931877502,1.0,0.5,-0.1256033236803658,diagnostic_quantum_state_rank_governor_not_accepted_model,7.235005672749648,12.395604395604394,213.27338466257805,vN2_plus_sqrt_GMbar_a0_Qeff1,41292.30830490702,0.964313532706068,0.964313532706068,1.964313532706068,0.146605404316243,high,False,False,0.998140658387423,0.9947119239957736,0.9934942211054784,0.0074238614135633,0.007322919699839,product_star_sigma_gas_hi,0.007322919699839,0.007322919699839,low,203.94775939648085,-0.1450210465158716,0.1450210465158716,True,False,0.0804797344044384,0.11702785960985018,0.5350507721824191,0.998470467343304,0.3306704928195179,0.0,0.3172427236609002,,,-0.36454259983270454,0.31772870008364773,0.007322919699839,two_channel_master,gas_hi,-0.6465848326224203
NGC2903,4.0,184.6,5.6,13.76,632.16,1193.52,44325660000.0,40931500000.0,3394160000.0000005,2.33,0.9234267464940172,0.0765732535059827,1299461750.0434136,9.113763500466842,0.9851546585750944,0.97657168271267,mature,0.97657168271267,163.0010139476626,230.51824460535047,1.0,0.5,-0.0329206633571905,diagnostic_quantum_state_rank_governor_not_accepted_model,12.059390246776816,5.90557939914163,171.124043373264,vN2_plus_sqrt_GMbar_a0_Qeff1,26569.33054796609,0.2825750328364455,0.2825750328364455,1.282575032836446,0.0540413907490937,low,False,False,0.998811966909296,0.994806053591222,0.9954470382784688,0.8312371419556819,0.8221768717114722,product_star_sigma_gas_hi,0.8221768717114722,0.8221768717114722,high,220.03186046879875,0.0762538742412227,0.0762538742412227,False,True,0.7114372127467289,1.7484776466604504,0.8907254943471938,0.2155224027953766,0.7731815899263079,0.0,0.13105523015601525,,,0.21616340998613492,0.6080817049930675,0.8221768717114722,two_channel_master,gas_hi,0.32550667215662193
NGC2998,5.0,209.9,8.1,43.58,479.55,774.16,106640830000.0,75451000000.0,31189830000.0,6.2,0.7075245007001539,0.292475499299846,441530052.8075565,8.644960269237012,0.8891085775960723,0.8262052992718101,mature,0.8262052992718101,203.0053027491536,287.0928523815092,1.0,0.5,-0.0056040485800147,diagnostic_quantum_state_rank_governor_not_accepted_model,2.4190898122881723,7.029032258064516,207.20889274251493,vN2_plus_sqrt_GMbar_a0_Qeff1,41211.15294427551,0.0690797721571615,0.0690797721571615,1.0690797721571617,0.0145050562129409,low,False,False,0.9898013106223832,0.9670685443590886,0.9749178312281732,0.6156127823373926,0.5744879508101016,product_star_sigma_gas_hi,0.5744879508101016,0.5744879508101016,transition,254.72821545669817,0.0840646145023949,0.0840646145023949,True,True,0.4785793027529945,1.0228840025984354,0.7733738464563309,0.5210314454691353,0.5990436853810959,0.0,0.2557478871664013,,,-0.018301527132871698,0.49084923643356415,0.5744879508101016,two_channel_master,gas_hi,0.42176946427640266
NGC3109,9.0,66.2,2.6,6.0,11.4,140.87,731410000.0,97000000.0,634410000.0,1.56,0.1326205548187747,0.8673794451812253,47833463.562969744,7.679731828746212,0.004716651573281,0.0001894390324243,juvenile,0.0001894390324243,36.66567030775728,68.97353913109752,1.0,0.5,-0.049153405545554,diagnostic_quantum_state_rank_governor_not_accepted_model,0.1528979681909175,3.846153846153846,59.11593785206482,vN2_plus_sqrt_GMbar_a0_Qeff1,3412.977721151888,0.8901519051983414,0.8901519051983414,1.284051745442076,0.0542912627648367,high,False,False,0.236169804239754,0.381998858298391,0.281095195835566,0.9747620888204636,0.0247194320162151,product_star_sigma_gas_hi,0.0247194320162151,0.0247194320162151,low,37.79865407482156,-0.2433816535782626,0.2433816535782626,True,False,0.1625017283150403,0.5520116494088009,0.6598024467556709,0.7251487642230354,0.4654278314385023,0.0,0.2965068944045739,,,-0.18221774887179787,0.40889112556410107,0.0247194320162151,two_channel_master,gas_hi,-0.48126077963424035
NGC3198,5.0,150.1,3.9,35.66,178.99,1602.62,33595270000.0,19139500000.0,14455770000.000002,3.14,0.569708176180754,0.430291823819246,542299209.4006718,8.734238971292958,0.7672280508700658,0.5892351621089128,mature,0.5892351621089128,152.08838113024217,215.0854512737568,0.0,0.5,0.0168683320086505,diagnostic_quantum_state_rank_governor_not_accepted_model,1.324004186563566,11.35668789808917,156.04470059288224,vN2_plus_sqrt_GMbar_a0_Qeff1,23130.8756748178,0.0,0.0,0.9740232197317132,-0.0057153449276559,low,True,False,0.9607243109305597,0.97672796809463,0.9280867988483712,0.0207003331115004,0.0180276174541209,product_star_sigma_gas_hi,0.0180276174541209,0.0180276174541209,low,153.45315328419372,0.0095951248638005,0.0095951248638005,True,True,0.1020188235583196,-0.2947501075769223,0.4124854379196345,0.9950482056139595,0.2627277987148183,0.0,0.26950964056039106,,,-0.4582983235589081,0.27085083822054595,0.0180276174541209,two_channel_master,gas_hi,0.27085083822054595
NGC3521,4.0,213.7,15.9,18.85,2232.7,2112.66,47942820000.0,42418000000.0,5524820000.0,2.4,0.8847623064308691,0.1152376935691309,1324711248.049476,9.122121223899192,0.9835536347597388,0.970991406509063,mature,0.970991406509063,166.22923152259304,235.08363368210829,1.0,0.5,-0.0877569299257024,diagnostic_quantum_state_rank_governor_not_accepted_model,7.677716197088774,7.854166666666668,174.60134796360407,vN2_plus_sqrt_GMbar_a0_Qeff1,27632.15741259184,0.6527008484393424,0.6527008484393424,1.6527008484393422,0.1090971250223889,transition,False,False,0.998252156326254,0.9949759635514042,0.993806846443295,0.4123723812613762,0.4070468527669306,product_star_sigma_gas_hi,0.4070468527669306,0.4070468527669306,transition,197.17946171583836,-0.034942845473688,0.034942845473688,True,False,0.4241368635853567,1.204996923100527,0.8093814969755276,0.7375807246499132,0.5924089769836037,0.0,0.3366902171463658,,,-0.08704171382414272,0.45647914308792864,0.4070468527669306,two_channel_master,gas_hi,-0.19622170535141376
NGC3741,10.0,50.1,2.1,4.2,42.94,143.49,256060000.0,14000000.0,242060000.0,0.2,0.0546746856205576,0.9453253143794424,1018830368.2027694,9.008101881468578,0.0084791342839517,0.0001596685608424,juvenile,0.0001596685608424,44.93781360356508,63.55166546155591,1.0,0.5,-0.0288969924375985,diagnostic_quantum_state_rank_governor_not_accepted_model,0.0578368999421631,21.0,46.87494092727479,vN2_plus_sqrt_GMbar_a0_Qeff1,2019.4070914687588,0.2429440357042695,0.2429440357042695,1.2429440357042696,0.0472257873570314,low,False,False,0.1241990690112416,0.9920956597451532,0.1732735201783544,1.3709572068578448e-06,2.9270354848709123e-08,product_star_sigma_gas_hi,2.9270354848709123e-08,2.9270354848709123e-08,low,44.93781426123795,-0.0472257810010546,0.0472257810010546,True,False,0.0221704338884293,-3.6735910175106765,0.012029281935367347,0.9999999912383706,0.023228499215972625,0.0,0.07937732345712312,,,-0.8412453516948044,0.07937732415259782,2.9270354848709123e-08,two_channel_master,gas_hi,-0.16356671155167168
NGC3893,5.0,174.0,8.9,20.84,1573.37,2055.09,36975170000.0,29262500000.0,7712670000.000001,2.38,0.7914094783066582,0.2085905216933418,1038906340.8592528,9.01657639694944,0.9670717469365128,0.9362629106451356,mature,0.9362629106451356,155.77725548258672,220.30230741273272,1.0,0.5,-0.0294917803645679,diagnostic_quantum_state_rank_governor_not_accepted_model,3.794081686368015,8.756302521008404,162.57638703501456,vN2_plus_sqrt_GMbar_a0_Qeff1,24266.55332568709,0.2476431899354932,0.2476431899354932,1.2476431899354932,0.0480452002059045,low,False,False,0.9955663772979844,0.9923570975559668,0.9870199389539476,0.2216110492626562,0.2161003833140365,product_star_sigma_gas_hi,0.2161003833140365,0.2161003833140365,low,171.78639294507173,-0.0055604875237332,0.0055604875237332,True,True,0.2931090527684096,0.792722616215551,0.7213699385901498,0.8930426646221895,0.4799467527968647,0.0,0.35661644439800566,,,-0.20134511255657472,0.39932744372171264,0.2161003833140365,two_channel_master,gas_hi,0.15168425378621944
NGC3917,6.0,135.9,4.1,14.08,112.94,1226.96,13494040000.0,10983000000.0,2511040000.0,2.63,0.8139148839043014,0.1860851160956985,310492152.3051884,8.492050627850366,0.8664234144955778,0.8442412307403525,transition,0.8442412307403525,121.0770975444322,171.22887344010618,1.0,0.5,-0.0449474661134458,diagnostic_quantum_state_rank_governor_not_accepted_model,4.373884924174844,5.353612167300381,122.53833940050562,vN2_plus_sqrt_GMbar_a0_Qeff1,14659.66354978395,0.259838599793253,0.259838599793253,1.259838599793253,0.0501574552139444,low,False,False,0.9964567058212062,0.940933164957163,0.9891353746443752,0.8953307507576069,0.8303409283853308,product_star_sigma_gas_hi,0.8303409283853308,0.8303409283853308,high,163.80531795863084,0.0811085403414651,0.0811085403414651,False,True,0.6763937633997554,1.6459246098999023,0.8781588691745597,0.131323180974531,0.7705962727781223,0.0,0.0825934091339812,,,0.25786488754029624,0.6289324437701481,0.8303409283853308,two_channel_master,gas_hi,0.3690938439768951
NGC3953,4.0,220.8,6.1,17.38,587.26,1999.08,74417060000.0,70650500000.0,3766560000.0,4.89,0.9493857994389996,0.0506142005610004,495307520.0156466,8.69487492171657,0.9392126224226588,0.9328881456185544,mature,0.9328881456185544,185.5430239167322,262.3974608267582,1.0,0.5,-0.0654020165617473,diagnostic_quantum_state_rank_governor_not_accepted_model,18.75730109171233,3.554192229038855,189.93152377499064,vN2_plus_sqrt_GMbar_a0_Qeff1,34426.21372416507,0.4161487635736917,0.4161487635736917,1.4161487635736911,0.0755544387551291,transition,False,False,0.9990833410495784,0.972867079293854,0.99629767984234,0.981031181982602,0.9500077663311292,product_star_sigma_gas_hi,0.9500077663311292,0.9500077663311292,high,259.09724839815874,0.0694637317640881,0.0694637317640881,False,True,0.7768249627368421,2.360231738473011,0.944395351868536,0.019395093467587277,0.8667668375517183,0.0,0.013302839388694181,,,0.3717736819289519,0.6858868409644759,0.9500077663311292,two_channel_master,gas_hi,0.26973807739078426
NGC3972,4.0,132.7,2.9,10.05,164.75,1587.93,8791120000.0,7176500000.0,1614620000.0,2.18,0.8163351199847119,0.1836648800152881,294409183.42606324,8.468951352707107,0.8565702562675243,0.8351516055346992,transition,0.8351516055346992,107.53140953223658,152.9557642680969,1.0,0.5,-0.0811955103549944,diagnostic_quantum_state_rank_governor_not_accepted_model,4.444699062318069,4.610091743119266,110.07163373065706,vN2_plus_sqrt_GMbar_a0_Qeff1,11832.461786848053,0.51099137888034,0.51099137888034,1.4882186240882662,0.086333367574277,transition,False,False,0.9965411394194088,0.9355837906967092,0.9893414903563372,0.947345305405929,0.8738410668508108,product_star_sigma_gas_hi,0.8738410668508108,0.8738410668508108,high,147.99559137785263,0.0473778555792475,0.0473778555792475,False,False,0.7578082599760918,1.8270397213354697,0.8995692557120856,0.06384936501644889,0.8038530388719527,0.0,0.04195085770615787,,,0.3140571623649031,0.6570285811824516,0.8738410668508108,two_channel_master,gas_hi,0.1460372023021116
NGC3992,4.0,241.0,5.2,32.75,360.44,3257.09,135542670000.0,113466000000.0,22076670000.0,4.96,0.8371238370913012,0.1628761629086988,876865160.411256,8.94293281504035,0.968205976921058,0.9484473943989468,mature,0.9484473943989468,215.54875181595327,304.83196817071354,1.0,0.5,-0.0318697783494541,diagnostic_quantum_state_rank_governor_not_accepted_model,5.139633830645654,6.602822580645161,223.94803916797213,vN2_plus_sqrt_GMbar_a0_Qeff1,46461.26440941547,0.2500951219965033,0.2500951219965033,1.2500951219965029,0.0484715302586026,low,False,False,0.9971885468206946,0.989765779372022,0.990959782319198,0.7103691162454422,0.6947840136246816,product_star_sigma_gas_hi,0.6947840136246816,0.6947840136246816,transition,280.60970791094644,0.066085649132528,0.066085649132528,True,True,0.5886231410218057,1.399704567198944,0.8428575812007003,0.3886295990504254,0.6918665185922571,0.0,0.212094617769772,,,0.09150007250092318,0.5457500362504616,0.6947840136246816,two_channel_master,gas_hi,0.2956549142539583
NGC4088,4.0,171.7,6.9,22.25,457.96,3988.69,64583580000.0,53643000000.0,10940580000.000002,2.58,0.8305981179736397,0.1694018820263602,1544197464.030238,9.188702834895674,0.9812706422552968,0.9599244494019148,mature,0.9599244494019148,179.08410137546545,253.26316497058147,0.0,0.5,0.0413629549972447,diagnostic_quantum_state_rank_governor_not_accepted_model,4.9031221379488095,8.624031007751938,188.85707111522893,vN2_plus_sqrt_GMbar_a0_Qeff1,32071.115365457976,0.0,0.0,0.9192349459648738,-0.0182867368556962,low,True,False,0.996999529474258,0.9961461116269068,0.9904799068230438,0.2452643387600653,0.2412670832203849,product_star_sigma_gas_hi,0.2412670832203849,0.2412670832203849,low,199.5214771028585,0.0652193561662437,0.0652193561662437,True,True,0.32296464681177,0.907469733541168,0.7481865256142947,0.8765067631226773,0.506192277469832,0.0,0.36016321863769113,,,-0.1781849637883921,0.41090751810580395,0.2412670832203849,two_channel_master,gas_hi,0.41090751810580395
NGC4100,4.0,158.2,5.0,18.06,388.0,8970.78,33822660000.0,29697000000.0,4125660000.0,2.15,0.8780208298223735,0.1219791701776264,1164530779.343758,9.066150971722134,0.9803731401588603,0.9669902093805316,mature,0.9669902093805316,152.34508350757056,215.448483257268,0.8177501196863841,0.3177501196863841,0.0034877148691013,diagnostic_quantum_state_rank_governor_not_accepted_model,7.198121027908262,8.4,159.47558136266554,vN2_plus_sqrt_GMbar_a0_Qeff1,23209.024468928645,0.0783408856113494,0.0783408856113494,1.0783408856113497,0.016378035962242,low,False,False,0.9981304912005956,0.9937232342202288,0.9934659098532896,0.2890504973749959,0.2848258860629317,product_star_sigma_gas_hi,0.2848258860629317,0.2848258860629317,low,172.68339650339146,0.0380441030288145,0.0380441030288145,True,True,0.349897900729799,1.061465347702706,0.7813854480653953,0.8439310070698847,0.5433973971605207,0.0,0.36064227613957,,,-0.1453275845576183,0.42733620772119085,0.2848258860629317,two_channel_master,gas_hi,0.34899532210984147
NGC4157,3.0,184.7,7.2,24.09,848.85,23813.87,63750580000.0,52810000000.0,10940580000.000002,2.32,0.828384620186985,0.171615379813015,1885073560.488876,9.275328302176332,0.9834577171123544,0.9615957611872692,mature,0.9615957611872692,178.5038297850085,252.4425370174974,0.5718244830760092,0.0718244830760092,0.0104698733530509,diagnostic_quantum_state_rank_governor_not_accepted_model,4.826983578567132,10.383620689655173,189.20681224890043,vN2_plus_sqrt_GMbar_a0_Qeff1,31863.617247915263,0.0706282885139775,0.0706282885139775,1.0706282885139782,0.0148193571396292,low,False,False,0.9969325796160862,0.9972716147349948,0.990311471566762,0.0529692157617288,0.0521524361099908,product_star_sigma_gas_hi,0.0521524361099908,0.0521524361099908,low,183.09937878286317,-0.0037800246045867,0.0037800246045867,True,True,0.1733560297297341,0.4863316022772771,0.6418948674381758,0.9832134396641207,0.40191182481730836,0.0,0.35186846943876693,,,-0.2842480477911895,0.35787597610440525,0.0521524361099908,two_channel_master,gas_hi,0.28724768759042774
NGC4183,6.0,110.6,5.4,16.07,86.46,1098.58,10081980000.0,5419000000.0,4662980000.0,2.79,0.5374936272438549,0.4625063727561451,206137761.9960721,8.314157556671503,0.5766414363946896,0.4069772613326878,transition,0.4069772613326878,101.79168311342814,151.76621927532506,0.715886460984727,0.2158864609847269,0.0127956913663572,diagnostic_quantum_state_rank_governor_not_accepted_model,1.1621323702868125,5.759856630824372,113.90710608157768,vN2_plus_sqrt_GMbar_a0_Qeff1,12671.43856206148,0.1476401625413454,0.1476401625413454,0.9653489570334904,-0.0076578341470746,low,False,False,0.9465934485901354,0.8866158538253548,0.9088728165858916,0.8507052751029932,0.6489051595116168,product_star_sigma_gas_hi,0.6489051595116168,0.6489051595116168,transition,136.32354386686373,0.0908157405201012,0.0908157405201012,False,True,0.5750710184787338,0.9612035950671198,0.7601394725347465,0.2585381500415558,0.6369457826159453,0.0,0.14260167590565748,,,0.10313836377909102,0.5515691818895455,0.6489051595116168,two_channel_master,gas_hi,0.40392901934820014
NGC4217,3.0,181.3,7.2,16.7,483.98,4373.51,46056960000.0,42649500000.0,3407460000.0,2.94,0.9260163936134734,0.0739836063865266,848048596.3933667,8.928420739686862,0.9729769719820344,0.964714955051288,mature,0.964714955051288,164.56986786479803,232.73693909234555,1.0,0.5,-0.0258297151979788,diagnostic_quantum_state_rank_governor_not_accepted_model,12.516507897378103,5.680272108843537,170.83155295949967,vN2_plus_sqrt_GMbar_a0_Qeff1,27083.241409037084,0.2136542116052663,0.2136542116052663,1.2136542116052664,0.0420474836566353,low,False,False,0.9988423026666025,0.9891607490118988,0.995539976074097,0.8605334729318855,0.846428492040879,product_star_sigma_gas_hi,0.846428492040879,0.846428492040879,high,223.62305023066705,0.0911187628829222,0.0911187628829222,False,True,0.7259752032215313,1.807313022322403,0.8974102994055018,0.17397644768006326,0.7869552687695034,0.0,0.10827925063752343,,,0.24475757588343527,0.6223787879417176,0.846428492040879,two_channel_master,gas_hi,0.4087245763364513
NGC4559,6.0,121.2,5.1,21.16,211.27,1602.62,17417130000.0,9688500000.0,7728630000.000001,2.1,0.5562627137766096,0.4437372862233905,628576492.9646575,8.798358135563797,0.7508168964461055,0.5580013170487282,mature,0.5580013170487282,129.0537568121273,182.50957315890963,0.0,0.5,0.040073097443875,diagnostic_quantum_state_rank_governor_not_accepted_model,1.253585693712857,10.076190476190476,132.9155269122843,vN2_plus_sqrt_GMbar_a0_Qeff1,16654.87214732369,0.0,0.0,0.881990559282707,-0.0272680317387209,low,True,False,0.9553245562239308,0.9818974230073736,0.92056888836904,0.0706865695214578,0.0610394006103229,product_star_sigma_gas_hi,0.0610394006103229,0.0610394006103229,low,132.9341023230604,0.0401337873792755,0.0401337873792755,True,True,0.1592172759032137,-0.020336437777009775,0.49389937142884044,0.9776028717349883,0.3103782706098328,0.0,0.2985152021474907,,,-0.38929147861911517,0.3053542606904424,0.0610394006103229,two_channel_master,gas_hi,0.3053542606904424
NGC5005,4.0,262.2,20.7,10.41,1789.91,96.57,91062400000.0,89360000000.0,1702400000.0000002,9.45,0.9813051270337704,0.0186948729662297,162291437.41565397,8.210295606818034,0.6975266560201642,0.6941068812716185,transition,0.6941068812716185,166.22453362305092,256.3451607495039,1.0,0.5,-0.1231335538645636,diagnostic_quantum_state_rank_governor_not_accepted_model,52.49060150375939,1.1015873015873017,197.46909394740845,vN2_plus_sqrt_GMbar_a0_Qeff1,38082.24586148822,1.0,1.0,1.8052727312893135,0.1282714110838463,high,False,True,0.9993336648778444,0.8376957662873012,0.9971296333659292,0.9983385681894884,0.8333478336336348,product_star_sigma_gas_hi,0.8333478336336348,0.8333478336336348,high,243.6521140207395,-0.0318625035121517,0.0318625035121517,False,False,0.7092742222630983,3.008631163659123,0.9736698444538217,0.003710615236414583,0.9171269845301846,0.0,0.0025982123386426776,,,0.4004213172763367,0.7002106586381683,0.8333478336336348,two_channel_master,gas_hi,-0.29978934136183166
NGC5033,5.0,194.2,3.6,29.53,2036.24,614.94,70302120000.0,55254500000.0,15047620000.0,5.16,0.7859578061088343,0.2140421938911657,420232028.8684417,8.62348914999931,0.9076090039780254,0.8771288482550982,mature,0.8771288482550982,182.92312352785737,258.69236216474485,1.0,0.5,-0.0176114183698866,diagnostic_quantum_state_rank_governor_not_accepted_model,3.6719760334192384,5.722868217054264,186.48238168643863,vN2_plus_sqrt_GMbar_a0_Qeff1,33460.86912118776,0.1270968444785353,0.1270968444785353,1.1270968444785356,0.0259806169474733,low,False,False,0.9953191236254868,0.9642209036674756,0.986449149286074,0.8553423377623812,0.8097548592647995,product_star_sigma_gas_hi,0.8097548592647995,0.8097548592647995,high,246.08122741747903,0.1028292587526536,0.1028292587526536,False,True,0.6573402269170127,1.4990078424281605,0.8580039436670847,0.18876366027894254,0.7404282054765803,0.0,0.11422723527242915,,,0.21026722096437034,0.6051336104821852,0.8097548592647995,two_channel_master,gas_hi,0.47803676600364986
NGC5055,4.0,179.0,4.9,35.06,1383.02,3348.34,92051260000.0,76461000000.0,15590260000.0,3.2,0.830635017923709,0.1693649820762909,1430704399.105193,9.15554991251676,0.9800886568305116,0.9587758711914368,mature,0.9587758711914368,195.67436701535524,276.725343641886,0.0,0.5,0.0608957261049272,diagnostic_quantum_state_rank_governor_not_accepted_model,4.904408265160427,10.95625,205.94381667369177,vN2_plus_sqrt_GMbar_a0_Qeff1,38288.457906859934,0.0,0.0,0.836831822215002,-0.0386809066203296,low,True,False,0.997000633121933,0.995602008594724,0.9904826899931712,0.0305830166280091,0.0300682677679273,product_star_sigma_gas_hi,0.0300682677679273,0.0300682677679273,low,198.59437432018163,0.0451139108818527,0.0451139108818527,True,True,0.1334526259625067,0.3556047291866211,0.6050915194167746,0.9914830658384923,0.3754976993351302,0.0,0.3409703336153625,,,-0.3122013973541634,0.3438993013229183,0.0300682677679273,two_channel_master,gas_hi,0.3438993013229183
NGC5371,4.0,209.5,3.9,30.03,560.83,1395.82,185065900000.0,170196500000.0,14869400000.0,7.44,0.919653485596212,0.080346514403788,532109072.9916469,8.726000664142939,0.9446736618594628,0.9361297477426864,mature,0.9361297477426864,233.00117123781155,329.51341641332897,0.0,0.5,0.0571167327618996,diagnostic_quantum_state_rank_governor_not_accepted_model,11.446090629077164,4.036290322580645,238.9465476170606,vN2_plus_sqrt_GMbar_a0_Qeff1,54289.545798191975,0.0,0.0,0.8084475446368847,-0.0461740768174391,low,True,False,0.99876633921062,0.9759670414716431,0.9953081614786126,0.9696373728586029,0.9407320934363798,product_star_sigma_gas_hi,0.9407320934363798,0.9407320934363798,high,324.5943065869075,0.1901568706907514,0.1901568706907514,False,True,0.7570276388407807,2.1828297625408837,0.9320994711848707,0.03230964003350267,0.8481824246301126,0.0,0.021897370808192797,,,0.3554698093502042,0.6777349046751021,0.9407320934363798,two_channel_master,gas_hi,0.6777349046751021
NGC5585,7.0,90.3,2.4,10.92,90.54,297.05,3709890000.000001,1471500000.0,2238390000.0000005,1.53,0.3966424880522063,0.6033575119477936,252230907.69669443,8.401798302775038,0.2875431003036353,0.1062999209968243,transition,0.1062999209968243,83.3827630566897,120.99285824322882,1.0,0.5,-0.0076831316805849,diagnostic_quantum_state_rank_governor_not_accepted_model,0.6573921434602548,7.137254901960784,88.71654468107285,vN2_plus_sqrt_GMbar_a0_Qeff1,7686.58657089801,0.1562988738825308,0.1562988738825308,1.060820680908219,0.0128209888998675,low,False,False,0.8125133772009399,0.9173741797399884,0.763712099191358,0.5897047820849542,0.3356922793457647,product_star_sigma_gas_hi,0.3356922793457647,0.3356922793457647,transition,97.63714939172156,0.033927340981445,0.033927340981445,True,True,0.3682666927502254,0.3353162089643788,0.5992592142424489,0.6495200203363087,0.43748803475726783,0.0,0.26057105321365126,,,-0.19765043399668358,0.4011747830016582,0.3356922793457647,two_channel_master,gas_hi,0.2448759091191274
NGC5907,5.0,215.0,2.9,0.0,449.6,8646.29,115675750000.0,87712500000.0,27963250000.0,5.34,0.7582617791542307,0.2417382208457693,645624409.3886259,8.809979941575211,0.939072082038166,0.8979125756842532,mature,0.8979125756842532,207.17487439754785,292.9895171559546,1.0,0.5,-0.0029942886341289,diagnostic_quantum_state_rank_governor_not_accepted_model,3.136706212618347,,213.52275840974343,vN2_plus_sqrt_GMbar_a0_Qeff1,42921.42858163971,0.0769678812548523,0.0769678812548523,1.0769678812548529,0.0161013756964449,low,False,False,0.9938346000859918,0.9827054798775136,0.9831447508549248,0.8088254600269593,0.776622142287942,product_star_sigma_gas_hi,0.776622142287942,0.776622142287942,high,276.1433692790244,0.1086961595430448,0.1086961595430448,False,True,0.6328483278012156,1.3608165758818442,0.8365774451537655,0.2567421285412276,0.7074972259169051,0.0,0.14856183185667513,,,0.15728441374839752,0.5786422068741988,0.776622142287942,two_channel_master,gas_hi,0.5016743256193464
NGC5985,3.0,293.6,8.6,39.5,288.95,1461.61,119773380000.0,104364000000.0,15409380000.0,7.01,0.8713455360448207,0.1286544639551793,387921991.97445583,8.58874440120979,0.907547927220036,0.8943163757546183,mature,0.8943163757546183,208.9857045175817,295.55041767086027,1.0,0.5,-0.140121972245043,diagnostic_quantum_state_rank_governor_not_accepted_model,6.772757891621857,5.634807417974322,212.634670730654,vN2_plus_sqrt_GMbar_a0_Qeff1,43675.02469270998,0.973690011774355,0.973690011774355,1.9736900117743557,0.1476394716471765,high,False,False,0.9980016944156072,0.959104405894498,0.9931099585344726,0.8659010385324406,0.8231192567363417,product_star_sigma_gas_hi,0.8231192567363417,0.8231192567363417,high,282.1786288075601,-0.0172319324791732,0.0172319324791732,False,False,0.677353684945108,1.70166297910017,0.8851363140830988,0.16847489210521394,0.7732142555625343,0.0,0.10446135223693932,,,0.24008213843167048,0.6200410692158352,0.8231192567363417,two_channel_master,gas_hi,-0.35364894255851975
NGC6195,3.0,251.7,9.3,40.89,686.8,174.11,223344310000.0,195538000000.0,27806310000.0,13.94,0.8755002533979934,0.1244997466020065,182923489.21051624,8.262269476824219,0.7361366155553327,0.7258348024425874,transition,0.7258348024425874,214.33719395775708,324.9320232020892,1.0,0.5,-0.0079751319309507,diagnostic_quantum_state_rank_governor_not_accepted_model,7.032144862083462,2.9332855093256818,247.1201071591818,vN2_plus_sqrt_GMbar_a0_Qeff1,59640.38698851784,0.2919574832682947,0.2919574832682947,1.0622481375279624,0.0131129891502334,low,False,False,0.9980828613915418,0.8640188023917323,0.993333702321614,0.9897148370384236,0.8478031839847678,product_star_sigma_gas_hi,0.8478031839847678,0.8478031839847678,high,310.65051536515165,0.0913888628902476,0.0913888628902476,False,True,0.707544815685564,2.3498524506948026,0.9437376658754478,0.014155343562595513,0.8662913014613135,0.0,0.009730717632926525,,,0.37484725678283826,0.6874236283914191,0.8478031839847678,two_channel_master,gas_hi,0.39546614512312445
NGC6503,6.0,116.3,2.4,14.05,774.16,398.87,8742020000.0,6422500000.0,2319520000.0000005,2.16,0.7346700190573804,0.2653299809426197,298211525.9791258,8.474524425074039,0.842022188725818,0.795835470234244,transition,0.795835470234244,107.72599238978094,152.98451468371306,1.0,0.5,-0.0245124053541111,diagnostic_quantum_state_rank_governor_not_accepted_model,2.76889183969097,6.50462962962963,109.91761826701814,vN2_plus_sqrt_GMbar_a0_Qeff1,11799.372296648076,0.1627883683424848,0.1627883683424848,1.146305893224704,0.0296502625733937,low,False,False,0.992206956162272,0.9369143002253144,0.9797146052301444,0.7301473650864893,0.6649855983307146,product_star_sigma_gas_hi,0.6649855983307146,0.6649855983307146,transition,139.46792492532654,0.0788946245683328,0.0788946245683328,True,True,0.5530282671768896,1.204789761424174,0.8093431401735866,0.36868733243379526,0.6612527623911075,0.0,0.19898481350867867,,,0.07942311006527536,0.5397115550326377,0.6649855983307146,two_channel_master,gas_hi,0.3769231866901529
NGC6674,3.0,241.3,4.9,50.02,560.83,1370.35,150106450000.0,107327000000.0,42779450000.00001,6.04,0.7150059174672374,0.2849940825327626,654855694.5823767,8.816145608463174,0.9247403868674138,0.8637210573270883,mature,0.8637210573270883,221.11914261914083,312.70969039229965,1.0,0.5,-0.0246633774727682,diagnostic_quantum_state_rank_governor_not_accepted_model,2.5088447841194776,8.281456953642385,227.9785275983578,vN2_plus_sqrt_GMbar_a0_Qeff1,48893.67523262394,0.190863434237182,0.190863434237182,1.190863434237182,0.0379309801713472,low,False,False,0.9905295115398338,0.9831196802938188,0.9763405154035752,0.314005964174416,0.2985472107610569,product_star_sigma_gas_hi,0.2985472107610569,0.2985472107610569,low,251.97370020932897,0.0187978916901323,0.0187978916901323,True,True,0.3328125220912896,0.742414890610053,0.7090754263955548,0.8273216459030788,0.4830251750624811,0.0,0.33666188134368635,,,-0.18614028048015918,0.4069298597599204,0.2985472107610569,two_channel_master,gas_hi,0.21606642552273841
NGC6946,6.0,158.9,10.9,21.25,571.26,2232.7,40627600000.0,33086500000.0,7541100000.0,2.44,0.8143848024495663,0.1856151975504337,1086079576.3840787,9.0358616469088,0.9721135048256384,0.9473391476584626,mature,0.9473391476584626,159.48938934178565,225.55205746175625,0.0,0.5,0.0206722651449263,diagnostic_quantum_state_rank_governor_not_accepted_model,4.387489888743022,8.709016393442623,166.6464867800681,vN2_plus_sqrt_GMbar_a0_Qeff1,25436.865312615697,0.0,0.0,0.9926227029034655,-0.0016078980002648,low,True,False,0.9964732587721667,0.9929204948753048,0.9891757006020294,0.2298751350700823,0.2249808536298529,product_star_sigma_gas_hi,0.2249808536298529,0.2249808536298529,low,176.52102703166997,0.0456725483799748,0.0456725483799748,True,True,0.2825200947023405,0.8528343316854352,0.7356345819234625,0.8872640567318502,0.4931144902985081,0.0,0.35931342915535847,,,-0.19006427358535383,0.4049678632073231,0.2249808536298529,two_channel_master,gas_hi,0.4049678632073231
NGC7331,3.0,239.0,5.4,27.01,2470.76,1806.47,140034610000.0,125315500000.0,14719110000.0,5.02,0.894889484820931,0.1051105151790689,884398675.633949,8.946648083561472,0.9731565979129682,0.9619104405676248,mature,0.9619104405676248,217.31282111774829,307.32673890227795,1.0,0.5,-0.0246124387248864,diagnostic_quantum_state_rank_governor_not_accepted_model,8.513796010764239,5.380478087649403,225.83199038228528,vN2_plus_sqrt_GMbar_a0_Qeff1,47224.86222215446,0.2095535553135608,0.2095535553135608,1.209553555313561,0.0413125511741806,low,False,False,0.9984202297716136,0.989915223870838,0.9942860584650378,0.8927861760249793,0.8773445492171676,product_star_sigma_gas_hi,0.8773445492171676,0.8773445492171676,high,297.75382059730725,0.0954594418470895,0.0954594418470895,False,True,0.7352589003696881,1.8119843574749488,0.8979252309989032,0.1302700697813528,0.7933718834341067,0.0,0.08281406543411775,,,0.2714212185978573,0.6357106092989286,0.8773445492171676,two_channel_master,gas_hi,0.42615705398536785
NGC7814,2.0,218.9,7.0,12.15,2709.13,2635.3,38687600000.0,37264500000.0,1423100000.0000002,2.54,0.9632156039661288,0.0367843960338713,954386939.1099892,8.979724487335302,0.9784542159534912,0.9727115043853686,mature,0.9727115043853686,157.5503783519389,222.80988182232448,1.0,0.5,-0.1252498148755768,diagnostic_quantum_state_rank_governor_not_accepted_model,26.185440236104277,4.783464566929134,164.05744615059405,vN2_plus_sqrt_GMbar_a0_Qeff1,24822.12171883909,0.930423617399014,0.930423617399014,1.9304236173990144,0.1428263111130577,high,False,False,0.9992016430186548,0.991153942202318,0.9966841662379926,0.9379953397443854,0.9258752858732356,product_star_sigma_gas_hi,0.9258752858732356,0.9258752858732356,high,218.6419693500072,-0.0005122310923046,0.0005122310923046,False,False,0.7945983086154043,2.0987593840097247,0.9254293822266918,0.06848398446799242,0.8353763413824142,0.0,0.04546485725754654,,,0.3277515206141546,0.6638757603070773,0.9258752858732356,two_channel_master,gas_hi,-0.26654785709193674
UGC00128,8.0,129.3,2.8,31.27,20.36,88.89,15893230000.000002,6010000000.0,9883230000.000002,5.95,0.378148431753646,0.621851568246354,71449364.2029914,7.85399836854531,0.1062849298035962,0.0348316890619571,transition,0.0348316890619571,87.5163270533972,153.52101246864635,1.0,0.5,-0.0056311223494298,diagnostic_quantum_state_rank_governor_not_accepted_model,0.6081007929593867,5.25546218487395,127.6343004893086,vN2_plus_sqrt_GMbar_a0_Qeff1,15909.593768481083,0.5694289012602319,0.5694289012602319,1.050843298910714,0.0107689795687125,transition,False,False,0.7827023341765756,0.5537894103762334,0.7359818202145237,0.9041783357446022,0.2884446310703789,product_star_sigma_gas_hi,0.2884446310703789,0.2884446310703789,low,110.67133506896133,-0.0675633758484886,0.0675633758484886,False,False,0.3847655568672546,0.74128269995729,0.7087950787152181,0.34478153486655005,0.5786419467960335,0.0,0.17591453415250052,,,0.020440576787787545,0.5102202883938938,0.2884446310703789,two_channel_master,gas_hi,-0.05920861286633816
UGC00731,10.0,73.3,2.3,11.57,25.63,82.57,2564810000.0,161500000.0,2403310000.0,2.3,0.0629676272316467,0.9370323727683532,77164875.15907827,7.887419657901373,0.0037074790088868,7.572788737090526e-05,juvenile,7.572788737090526e-05,56.54642622698138,97.9217636285003,0.6500113464725119,0.1500113464725119,0.0428241853733737,diagnostic_quantum_state_rank_governor_not_accepted_model,0.0671989880622974,5.030434782608697,80.89620714811328,vN2_plus_sqrt_GMbar_a0_Qeff1,6391.173473072437,0.3403743757108149,0.3403743757108149,0.8406734729760171,-0.037686328154091,transition,False,False,0.1335042689868345,0.5865396457501305,0.1829841463673165,0.9219804956249088,0.0132107575941242,product_star_sigma_gas_hi,0.0132107575941242,0.0132107575941242,low,57.28813631580456,-0.1070392805277931,0.1070392805277931,True,False,0.1170465431020904,0.1234286074118559,0.5369610364301377,0.8327525623429797,0.361823315977093,0.0,0.2867776082797219,,,-0.3112537355085102,0.3443731322457449,0.0132107575941242,two_channel_master,gas_hi,0.003998756534929981
UGC01230,9.0,103.7,6.1,26.29,28.63,69.32,12361900000.0,3810000000.0,8551900000.0,4.34,0.3082050493856122,0.6917949506143878,104454197.95534536,8.01892589871753,0.0800503555542165,0.0156084774978943,transition,0.0156084774978943,90.37311035539408,148.99169461495998,0.4171682814060387,0.0828317185939613,0.0629069105769587,diagnostic_quantum_state_rank_governor_not_accepted_model,0.445515031747331,6.057603686635945,119.86314453793428,vN2_plus_sqrt_GMbar_a0_Qeff1,14031.225988929258,0.1843310717632547,0.1843310717632547,0.7664112892547481,-0.057769053357676,low,False,False,0.6415390883411981,0.7059311099293331,0.6143513786961422,0.8088254600269593,0.225038640079554,product_star_sigma_gas_hi,0.225038640079554,0.225038640079554,low,106.41835880385382,0.0112378005119523,0.0112378005119523,True,True,0.3088252908877887,0.402518419052479,0.6184612459590796,0.5355500828739743,0.4734187515468893,0.0,0.23123248273566877,,,-0.13646738137063308,0.43176630931468346,0.225038640079554,two_channel_master,gas_hi,0.24743523755142877
UGC01281,8.0,55.2,3.5,5.26,13.83,135.78,567520000.0,176500000.0,391020000.0,1.63,0.3110022554271215,0.6889977445728784,33995864.84380763,7.531426093961837,0.0211136003617667,0.0042102917105701,transition,0.0042102917105701,31.596448121243306,63.28280638903146,0.9849428229873188,0.4849428229873187,0.0022205754936011,diagnostic_quantum_state_rank_governor_not_accepted_model,0.4513835609431743,3.226993865030675,55.48296392428599,vN2_plus_sqrt_GMbar_a0_Qeff1,3006.3780505932223,0.6814527087560822,0.6814527087560822,1.0135252282721912,0.0029172817256814,transition,False,False,0.6479459469976602,0.2545870339139151,0.6196394230045008,0.9862518317849784,0.1008096072267089,product_star_sigma_gas_hi,0.1008096072267089,0.1008096072267089,low,36.07502355278124,-0.1847324544199502,0.1847324544199502,False,False,0.3268805837970827,1.0783673450941715,0.7848303535597542,0.3869851230061927,0.6348558545311074,0.0,0.2038441605931267,,,0.053498692712612206,0.5267493463563061,0.1008096072267089,two_channel_master,gas_hi,-0.1547033623997761
UGC02487,0.0,332.0,3.5,40.2,818.14,1150.35,268868290000.0,244977500000.0,23890790000.000004,7.89,0.9111431474496304,0.0888568525503695,687393957.700468,8.837205710302111,0.9622641000771606,0.9527956148346134,mature,0.9527956148346134,255.8063962500976,361.7648749186741,1.0,0.5,-0.0994094064885474,diagnostic_quantum_state_rank_governor_not_accepted_model,10.25405606093394,5.095057034220533,264.0758444401432,vN2_plus_sqrt_GMbar_a0_Qeff1,65436.912362461946,0.6844315543107787,0.6844315543107787,1.684431554310779,0.1132266842127192,transition,False,False,0.9986569007688498,0.984462247476314,0.9949792630976044,0.9172034535852922,0.8972120225628603,product_star_sigma_gas_hi,0.8972120225628603,0.8972120225628603,high,352.3459902616391,0.025831249835643,0.025831249835643,False,False,0.7363921574343978,1.9141408288417983,0.9086257011384984,0.0968521736218112,0.8105873168688897,0.0,0.06290643840547089,,,0.2990196513525496,0.6495098256762748,0.8972120225628603,two_channel_master,gas_hi,-0.034921728634503935
UGC02885,5.0,289.5,12.0,74.24,421.53,470.79,255062250000.0,201762500000.0,53299750000.00001,11.4,0.7910323852314484,0.2089676147685516,312360863.9861558,8.494656615411506,0.8641047240431288,0.836475518072315,transition,0.836475518072315,252.4573678120706,357.0286334808431,1.0,0.5,-0.0541896230989317,diagnostic_quantum_state_rank_governor_not_accepted_model,3.785430513276328,6.512280701754385,255.5400320721392,vN2_plus_sqrt_GMbar_a0_Qeff1,63734.72256259909,0.3149857194040985,0.3149857194040985,1.3149857194040986,0.059460518231263,transition,False,False,0.9955497013957456,0.9415098508572852,0.986981232853756,0.7286372057537462,0.6740747401976946,product_star_sigma_gas_hi,0.6740747401976946,0.6740747401976946,transition,326.6445914377816,0.0524269034990427,0.0524269034990427,True,True,0.5277869705414919,1.3229904864090936,0.8302765631548484,0.36608410435102956,0.6825520902245252,0.0,0.20038359225977478,,,0.09474074333274851,0.5473703716663743,0.6740747401976946,two_channel_master,gas_hi,0.23238465226227578
UGC03205,2.0,219.6,8.6,28.6,587.26,3915.89,69691410000.0,56821000000.0,12870410000.0,3.19,0.8153228640373326,0.1846771359626674,1089978714.0991046,9.037418016803407,0.9723433771221336,0.9477886857228248,mature,0.9477886857228248,182.5245624593397,258.1287116962133,1.0,0.5,-0.061205436651144,diagnostic_quantum_state_rank_governor_not_accepted_model,4.414855470804738,8.965517241379311,190.73346525301315,vN2_plus_sqrt_GMbar_a0_Qeff1,33315.2159009734,0.4475115557810621,0.4475115557810621,1.4475115557810625,0.0803110197375321,transition,False,False,0.9965060720423292,0.9929641221541556,0.9892557579430908,0.187624927581577,0.1836591755969917,product_star_sigma_gas_hi,0.1836591755969917,0.1836591755969917,low,198.5796086917838,-0.0436976852103621,0.0436976852103621,True,True,0.2828549981555276,0.7941281705539431,0.7217088238417746,0.9145451308239821,0.47593521548177103,0.0,0.3619060315878143,,,-0.20855511797051263,0.3957224410147437,0.1836591755969917,two_channel_master,gas_hi,-0.05178911476631842
UGC03546,1.0,196.9,7.4,18.37,2403.42,922.21,54225750000.0,50668000000.0,3557750000.0,3.79,0.9343900268783742,0.0656099731216258,600824009.5352536,8.778747279189737,0.954652968498482,0.9471926194434268,mature,0.9471926194434268,171.42647505970544,242.43364597924852,1.0,0.5,-0.0478707049336982,diagnostic_quantum_state_rank_governor_not_accepted_model,14.241585271590193,4.846965699208443,176.349816136099,vN2_plus_sqrt_GMbar_a0_Qeff1,29387.03635139581,0.3192759397855559,0.3192759397855559,1.3192759397855558,0.0601678210455683,transition,False,False,0.998935197176178,0.9804490943632064,0.9958277557037928,0.9341977618936512,0.9111406326356136,product_star_sigma_gas_hi,0.9111406326356136,0.9111406326356136,high,236.9868334821417,0.0804785020032378,0.0804785020032378,False,True,0.7695297588346273,2.022353376846083,0.9188500341531857,0.07407805518800936,0.826155279733127,0.0,0.048890751775973865,,,0.31997935561050106,0.6599896778052505,0.9111406326356136,two_channel_master,gas_hi,0.3407137380196946
UGC04278,7.0,91.4,4.8,8.9,34.11,377.42,2137780000.0,653500000.0,1484280000.0000002,2.21,0.3056909504252074,0.6943090495747926,69662425.88050865,7.842998593983464,0.0523228888281521,0.009997189107437,transition,0.009997189107437,52.66557732133028,92.7824214578532,1.0,0.5,-0.0727910828650482,diagnostic_quantum_state_rank_governor_not_accepted_model,0.4402808095507585,4.027149321266968,77.29566054300169,vN2_plus_sqrt_GMbar_a0_Qeff1,5834.91469699368,0.956363075588083,0.956363075588083,1.4317193024782704,0.0779289400843308,high,False,False,0.6357371580873613,0.5428929076795972,0.6095753569287022,0.9699053384531198,0.2040555989662658,product_star_sigma_gas_hi,0.2040555989662658,0.2040555989662658,low,62.96276715648011,-0.1618623891150129,0.1618623891150129,False,False,0.3719069042996729,0.8776930677296041,0.741394987654689,0.4071596756389202,0.5930109814523686,0.0,0.2062635138076969,,,0.01318242521942059,0.5065912126097103,0.2040555989662658,two_channel_master,gas_hi,-0.4497718629783727
UGC04325,9.0,90.9,2.7,6.61,41.0,213.22,1914740000.0,1013000000.0,901740000.0,1.86,0.5290535529628043,0.4709464470371957,88085424.82823893,7.944904053243674,0.3208655487926966,0.2207382695313109,transition,0.2207382695313109,54.33002616537036,92.05377820916073,1.0,0.5,-0.0823720702717288,diagnostic_quantum_state_rank_governor_not_accepted_model,1.123383680440038,3.553763440860215,75.19549333444107,vN2_plus_sqrt_GMbar_a0_Qeff1,5522.146339451523,0.961774268625718,0.961774268625718,1.4963040622390842,0.0875099274910114,high,False,False,0.9421622340144532,0.6409790921651025,0.9031240323602684,0.9810391596570576,0.535061001206578,product_star_sigma_gas_hi,0.535061001206578,0.535061001206578,transition,76.85334665664209,-0.0729010991823468,0.0729010991823468,False,False,0.5506936635650156,1.4653268965928552,0.853008189749225,0.111093952121192,0.7471342846105745,0.0,0.06962423200943542,,,0.2534297444649838,0.6267148722324919,0.535061001206578,two_channel_master,gas_hi,-0.3350593963932261
UGC04499,8.0,72.8,2.4,8.67,33.79,127.3,2239000000.0,776000000.0,1463000000.0000002,1.73,0.3465832961143367,0.6534167038856633,119064425.00008452,8.075782018963324,0.1289970148407457,0.0338329545381176,transition,0.0338329545381176,60.917977548247,98.39945867373544,0.661072698609556,0.1610726986095559,0.0310465045225535,diagnostic_quantum_state_rank_governor_not_accepted_model,0.530416951469583,5.011560693641618,78.19480191805823,vN2_plus_sqrt_GMbar_a0_Qeff1,5971.453478715445,0.2660725763157177,0.2660725763157177,0.8875293124011877,-0.0259086473032709,low,False,False,0.7242881398770056,0.7508457538488833,0.6840974004312985,0.9233273879950092,0.3435071339222479,product_star_sigma_gas_hi,0.3435071339222479,0.3435071339222479,transition,75.90939901219285,0.0181641737419928,0.0181641737419928,False,True,0.4261921609517715,0.73179338492902,0.706439136616758,0.37352871045119196,0.571166429076807,0.0,0.1875776209454623,,,0.00435450179389929,0.5021772508969496,0.3435071339222479,two_channel_master,gas_hi,0.23610467458123197
UGC05005,10.0,98.9,7.2,21.61,25.63,65.59,6163690000.0,2050000000.0,4113690000.0,3.2,0.3325929759608286,0.6674070240391713,95798997.18614095,7.981360962953233,0.0945458463546271,0.022324170664155,transition,0.022324170664155,74.31678031298453,124.22035437414422,0.9213055970971392,0.4213055970971392,0.0079282658314438,diagnostic_quantum_state_rank_governor_not_accepted_model,0.49833604379523,6.753125,100.72205023784072,vN2_plus_sqrt_GMbar_a0_Qeff1,9907.712604749564,0.42978902737553,0.42978902737553,0.9872319061123233,-0.0027904086121612,transition,False,False,0.6954936117097668,0.6738046620300356,0.6594274547323612,0.6784973963901242,0.2096729313470171,product_star_sigma_gas_hi,0.2096729313470171,0.2096729313470171,low,87.1800606840236,-0.0547791246130662,0.0547791246130662,True,True,0.2809220643474692,0.2898449558934755,0.5860873665920713,0.6218015108001741,0.43399614343677817,0.0,0.24968909839811693,,,-0.19688487705087443,0.4015575614745628,0.2096729313470171,two_channel_master,gas_hi,-0.0282314659009672
UGC05721,7.0,79.7,6.6,6.74,233.79,913.76,1012960000.0,265500000.0,747460000.0000001,0.38,0.2621031432633075,0.7378968567366925,1116465312.7033665,9.04784523458566,0.0935248716751313,0.0123927367342332,transition,0.0123927367342332,63.37596383972424,89.62714759060488,1.0,0.5,-0.0801521202630766,diagnostic_quantum_state_rank_governor_not_accepted_model,0.3552029540042276,17.736842105263158,66.26835668384786,vN2_plus_sqrt_GMbar_a0_Qeff1,4016.512792614035,0.581493780296395,0.581493780296395,1.581493780296395,0.0995337441302128,transition,False,False,0.5302209758935797,0.993249604752077,0.5241873928583788,3.5824521876409974e-05,9.889680927707372e-06,product_star_sigma_gas_hi,9.889680927707372e-06,9.889680927707372e-06,low,63.37627722297986,-0.0995315966239045,0.0995315966239045,True,False,0.0245189069667557,-2.459657296734381,0.04966147620496356,0.9999986697173276,0.05909339234581913,0.0,0.1000172627739339,,,-0.799965208349315,0.1000173958253425,9.889680927707372e-06,two_channel_master,gas_hi,-0.48147638447105245
UGC06399,9.0,85.0,3.8,8.8,30.82,311.05,2044420000.0,1148000000.0,896420000.0000001,2.05,0.5615284530575909,0.4384715469424091,77425234.68314858,7.88888253041813,0.3095005115148081,0.2330888581358828,transition,0.2330888581358828,53.47485445385581,92.55075810941032,1.0,0.5,-0.0461120350515209,diagnostic_quantum_state_rank_governor_not_accepted_model,1.280649695455255,4.292682926829269,76.43757326734134,vN2_plus_sqrt_GMbar_a0_Qeff1,5706.082767765517,0.7650502312724831,0.7650502312724831,1.266192639338333,0.0512498922708035,high,False,False,0.9575188325563329,0.5879579735443179,0.9235951481665357,0.9611087050266968,0.4997442000437775,product_star_sigma_gas_hi,0.4997442000437775,0.4997442000437775,transition,75.57209688120096,-0.0510574530624736,0.0510574530624736,False,False,0.5391995005924753,1.3596022656896685,0.8363781292243463,0.11092028000565557,0.7308512182556753,0.0,0.06889110794464999,,,0.24217335082705138,0.6210866754135257,0.4997442000437775,two_channel_master,gas_hi,-0.14396355585895737
UGC06446,7.0,82.2,4.3,10.33,37.05,86.46,2328070000.0,494000000.0,1834070000.0,1.49,0.2121929323430996,0.7878070676569003,166895116.60013014,8.222443629281738,0.0386257099011324,0.0032777883689771,juvenile,0.0032777883689771,66.93393602930357,102.80672444298008,1.0,0.5,-0.0174584484831169,diagnostic_quantum_state_rank_governor_not_accepted_model,0.2693463172070859,6.932885906040268,78.96113258769162,vN2_plus_sqrt_GMbar_a0_Qeff1,6089.070798319934,0.3738974768125985,0.3738974768125985,1.1096668479966292,0.0225963057023995,transition,False,False,0.406592310565299,0.8441945043833697,0.424957071360412,0.6380970010789082,0.0930750858705968,product_star_sigma_gas_hi,0.0930750858705968,0.0930750858705968,low,71.04148492114079,-0.0633597869778725,0.0633597869778725,True,False,0.2328915175090978,-0.00906307811951268,0.49728110336351306,0.7789699034324844,0.3474138625354818,0.0,0.2631408253357813,,,-0.3243876966843855,0.33780615165780725,0.0930750858705968,two_channel_master,gas_hi,-0.03609132515479124
UGC06614,1.0,199.8,16.0,60.63,1461.61,540.54,91286040000.0,62175000000.0,29111040000.000004,5.1,0.6811008561659592,0.3188991438340408,558578412.1985577,8.747084147182726,0.8960745616661903,0.8152348982632992,mature,0.8152348982632992,195.2664340028341,276.1484392430389,0.8650959343549492,0.3650959343549492,0.0015139771935309,diagnostic_quantum_state_rank_governor_not_accepted_model,2.135787659939321,11.88823529411765,200.49773051019417,vN2_plus_sqrt_GMbar_a0_Qeff1,38128.98024818317,0.0469737123877627,0.0469737123877627,1.0469737123877625,0.0099678887342346,low,False,False,0.9867577038571798,0.9778677061442456,0.9691955384122926,0.0122702039502453,0.0114750296746646,product_star_sigma_gas_hi,0.0114750296746646,0.0114750296746646,low,196.3835823789651,-0.0074903058374528,0.0074903058374528,True,True,0.0886069493568776,-0.183359714412632,0.4452129455786468,0.997260559996015,0.2799930225388186,0.0,0.2828662422027804,,,-0.4327134681754371,0.28364326591228145,0.0114750296746646,two_channel_master,gas_hi,0.23666955352451874
UGC06667,6.0,83.8,3.1,8.59,18.06,614.94,1774470000.0,698500000.0,1075970000.0,5.15,0.3936386639390917,0.6063613360609084,10648154.27913188,7.027274334924381,0.0067476563253235,0.0024474546439,transition,0.0024474546439,31.432013146060825,79.39773546895943,1.0,0.5,-0.0553124928482238,diagnostic_quantum_state_rank_governor_not_accepted_model,0.6491816686338838,1.6679611650485435,73.7787895627693,vN2_plus_sqrt_GMbar_a0_Qeff1,5316.028947184716,1.0,1.0,1.320993559246695,0.0604503500675063,high,False,True,0.8078944781147547,0.0434840749404662,0.7593481914571907,0.9970764792057472,0.026598326312505,product_star_sigma_gas_hi,0.026598326312505,0.026598326312505,low,33.60608461332683,-0.3968261021108126,0.3968261021108126,False,False,0.342184335080345,1.62328474596328,0.8752220311284646,0.24191337108226652,0.7512139298263465,0.0,0.1440710785729382,,,0.1910964485211899,0.595548224260595,0.026598326312505,two_channel_master,gas_hi,-0.40445177573940505
UGC06786,0.0,219.4,7.8,20.31,992.73,1078.52,43393400000.0,36703500000.0,6689900000.000001,3.6,0.8458313937142514,0.1541686062857485,532891520.6453594,8.726638809814512,0.9400364380599208,0.9224225190027476,mature,0.9224225190027476,162.13710829964705,229.29649752131616,1.0,0.5,-0.1203952687472606,diagnostic_quantum_state_rank_governor_not_accepted_model,5.486404878996696,5.641666666666667,166.2805125376458,vN2_plus_sqrt_GMbar_a0_Qeff1,26288.44188777147,0.8310845582062231,0.8310845582062231,1.8310845582062236,0.1313542000903415,high,False,False,0.9974223956790716,0.9760268405717726,0.9915629620096146,0.865102566181552,0.8350813271022183,product_star_sigma_gas_hi,0.8350813271022183,0.8350813271022183,high,219.6393153032062,0.0004734579446001,0.0004734579446001,False,False,0.7130678365706383,1.6457128371908167,0.8781316759952127,0.1708851562321243,0.764923016120676,0.0,0.10544261312874535,,,0.23407574365927797,0.617037871829639,0.8350813271022183,two_channel_master,gas_hi,-0.21404668637658408
UGC06917,9.0,108.7,3.5,12.67,53.07,261.11,6106590000.0,3416000000.0,2690590000.0000005,2.76,0.5593956692687736,0.4406043307312265,127585326.60359402,8.105800729702338,0.4761320136694461,0.3566828995136179,transition,0.3566828995136179,79.65009925774248,127.3022071762644,1.0,0.5,-0.0341154930977393,diagnostic_quantum_state_rank_governor_not_accepted_model,1.2696100111871371,4.590579710144928,100.48796491916458,vN2_plus_sqrt_GMbar_a0_Qeff1,9861.713640180313,0.554827678826388,0.554827678826388,1.1981376088490805,0.0392533503170219,transition,False,False,0.956642775115618,0.7726267124230006,0.9223823764912,0.9483101556835022,0.6465184352310406,product_star_sigma_gas_hi,0.6465184352310406,0.6465184352310406,transition,112.78261383349036,0.0160126114285603,0.0160126114285603,False,False,0.5595737790409497,1.2845606323977536,0.8236787190383731,0.12612119118315246,0.7164157815416123,0.0,0.0771941193620211,,,0.22412607489442826,0.6120630374472141,0.6465184352310406,two_channel_master,gas_hi,0.05723535862082618
UGC06930,7.0,107.2,5.1,16.76,73.93,189.16,8771210000.0,4466000000.0,4305210000.000001,3.94,0.5091657821440827,0.4908342178559173,89926397.76836969,7.953887196986764,0.3043727884734925,0.19593859355682,transition,0.19593859355682,79.89564825473207,134.91615844156448,0.8932983744584888,0.3932983744584888,0.0112344523330886,diagnostic_quantum_state_rank_governor_not_accepted_model,1.037347771653415,4.253807106598985,110.00925857420476,vN2_plus_sqrt_GMbar_a0_Qeff1,11819.055198585462,0.4322278984336695,0.4322278984336695,0.9723146061095794,-0.006096595113806,transition,False,False,0.9303227576569963,0.6492055141887136,0.8882834722755403,0.96253606841463,0.5163978659365323,product_star_sigma_gas_hi,0.5163978659365323,0.5163978659365323,transition,111.74367763761616,0.0180281751293614,0.0180281751293614,False,True,0.5382119746124238,1.257307681240385,0.8188787333123578,0.14345334134873067,0.7091137125197075,0.0,0.08681557944586914,,,0.21036678030138223,0.6051833901506911,0.5163978659365323,two_channel_master,gas_hi,0.17295549171702163
UGC06983,6.0,109.0,5.8,16.07,53.56,121.57,6595110000.0,2649000000.0,3946110000.000001,3.21,0.4016612308210174,0.5983387691789827,101866670.23173186,8.008032110383153,0.1823414098717776,0.0695545849861411,transition,0.0695545849861411,76.7538177984189,127.04226224781706,1.0,0.5,-0.0269566266120371,diagnostic_quantum_state_rank_governor_not_accepted_model,0.6712940085299192,5.006230529595015,102.44007112447892,vN2_plus_sqrt_GMbar_a0_Qeff1,10248.587850410238,0.5844562724929315,0.5844562724929315,1.159281666256529,0.0320944838313198,transition,False,False,0.8200390839488103,0.6968047894139229,0.7708805317993023,0.9237038808044202,0.4068792338681964,product_star_sigma_gas_hi,0.4068792338681964,0.4068792338681964,transition,100.30496557717724,-0.0361040647269099,0.0361040647269099,False,False,0.4887421008670375,0.850331334636659,0.7350500401953023,0.2936765553827706,0.6095268575835783,0.0,0.15654733777607255,,,0.06612077066916489,0.5330603853345824,0.4068792338681964,two_channel_master,gas_hi,-0.051395887158349085
UGC07125,9.0,65.2,2.1,23.04,28.11,103.0,7512569999.999999,1356000000.0,6156569999.999999,3.38,0.1804974862131068,0.8195025137868931,104658682.36615306,8.019775262749231,0.0197016908013481,0.0012464777138904,juvenile,0.0012464777138904,79.83207120362623,131.5727751579399,0.0,0.5,0.210363897624577,diagnostic_quantum_state_rank_governor_not_accepted_model,0.2202525107324371,6.816568047337278,105.83065726999256,vN2_plus_sqrt_GMbar_a0_Qeff1,10938.235570100962,0.0,0.0,0.3886403773950502,-0.2052260404052944,low,True,False,0.3329161401879883,0.7066359021456152,0.3644688285491543,0.6645042427355229,0.0569755726395712,product_star_sigma_gas_hi,0.0569755726395712,0.0569755726395712,low,83.64431736785158,0.1081888454467534,0.1081888454467534,True,False,0.1714238304616976,-0.04902383789786935,0.4852970887116012,0.7977896084749145,0.33683050448068863,0.0,0.26315367844752713,,,-0.3402930405408968,0.3298534797295516,0.0569755726395712,two_channel_master,gas_hi,0.3298534797295516
UGC07151,6.0,73.5,2.8,6.39,76.71,965.67,1961280000.0,1142000000.0,819280000.0,1.25,0.5822728014357971,0.417727198564203,199774340.34385467,8.300539705297789,0.6383726614109158,0.5040815362760809,transition,0.5040815362760809,67.07431940184374,100.4381344948145,0.7381574390375445,0.2381574390375445,0.0125119212746422,diagnostic_quantum_state_rank_governor_not_accepted_model,1.3939068450346646,5.112,75.64831524757771,vN2_plus_sqrt_GMbar_a0_Qeff1,5588.854537577897,0.1616226850611351,0.1616226850611351,0.9666113089322292,-0.0073740640553597,low,False,False,0.9652003381514932,0.8810235540871795,0.934513521602604,0.9159076545356102,0.7278506312243088,product_star_sigma_gas_hi,0.7278506312243088,0.7278506312243088,high,92.55709387301152,0.1001223710046076,0.1001223710046076,False,True,0.6584299919630039,1.2098730554554578,0.8102826287999739,0.15334225230341902,0.6995644438036623,0.0,0.09188885658104777,,,0.19848059097536752,0.5992402954876838,0.7278506312243088,two_channel_master,gas_hi,0.4376176104265487
UGC07399,8.0,103.0,3.3,7.85,113.98,135.78,1568850000.0,578000000.0,990850000.0,1.64,0.3684227300251776,0.6315772699748223,92835452.28648128,7.967713857599678,0.1277470849226893,0.0391751426359674,transition,0.0391751426359674,52.373339671746784,87.98586811792056,1.0,0.5,-0.1582775087510418,diagnostic_quantum_state_rank_governor_not_accepted_model,0.5833375384770652,4.786585365853659,71.54177580168246,vN2_plus_sqrt_GMbar_a0_Qeff1,4998.546280091945,1.0,1.0,2.122417079992476,0.1634153659703244,high,False,True,0.7657070321221174,0.6616946779093144,0.7205883402444702,0.9378135855304176,0.3423923301252626,product_star_sigma_gas_hi,0.3423923301252626,0.3423923301252626,transition,66.74152093301298,-0.1884411253937614,0.1884411253937614,False,False,0.4384510720319762,0.8315384425826474,0.7306348916089892,0.32669247477718555,0.5996187393959302,0.0,0.17081365273195548,,,0.04571525774173835,0.5228576288708692,0.3423923301252626,two_channel_master,gas_hi,-0.4771423711291308
UGC07524,9.0,79.5,3.6,12.11,29.71,106.86,3584070000.0,1218000000.0,2366070000.0,3.46,0.3398371125563953,0.6601628874436046,47647971.60675011,7.678044417277685,0.0455131993532365,0.0113525765439297,transition,0.0113525765439297,54.49939403523283,102.59289393231116,0.7029351818070767,0.2029351818070767,0.0438913525897012,diagnostic_quantum_state_rank_governor_not_accepted_model,0.5147776692997249,3.5,87.95458448342596,vN2_plus_sqrt_GMbar_a0_Qeff1,7555.1179351988785,0.4434167776765806,0.4434167776765806,0.8365521298554857,-0.0387534953704185,transition,False,False,0.7106146534441989,0.380406704858181,0.6723200011468274,0.9820137900379085,0.1784744037195156,product_star_sigma_gas_hi,0.1784744037195156,0.1784744037195156,low,65.7158970015841,-0.0826966883973604,0.0826966883973604,False,False,0.3558933198162237,1.0751552116013747,0.7841787129176484,0.33761287585813726,0.6433729166849556,0.0,0.18200388692156938,,,0.07818095775497746,0.5390904788774887,0.1784744037195156,two_channel_master,gas_hi,0.09567370120090812
UGC07603,7.0,61.6,2.8,4.37,81.81,520.99,531140000.0,188000000.0,343140000.0,0.53,0.3539556425801107,0.6460443574198893,300938257.29380333,8.47847740168307,0.2091732586454741,0.0578969392340187,transition,0.0578969392340187,53.605339526734014,76.03916772502603,1.0,0.5,-0.0526140994129014,diagnostic_quantum_state_rank_governor_not_accepted_model,0.5478813312350644,8.245283018867925,54.57159064874437,vN2_plus_sqrt_GMbar_a0_Qeff1,2908.422602538209,0.3166759787314879,0.3166759787314879,1.304679724565629,0.057751956632184,transition,False,False,0.7387644090759375,0.9378424457127348,0.696702673750769,0.3218499749090092,0.1553591390891557,product_star_sigma_gas_hi,0.1553591390891557,0.1553591390891557,low,57.66612920436233,-0.0286599114662881,0.0286599114662881,True,True,0.2544716200216239,-0.01780239921396376,0.4946594833397228,0.8723144182249994,0.3291364285182837,0.0,0.2805219327660325,,,-0.3568329792442422,0.3215835103778789,0.1553591390891557,two_channel_master,gas_hi,0.004907531646391017
UGC08286,6.0,82.4,2.3,8.07,39.52,1488.78,1481360000.0,627500000.0,853860000.0000001,1.05,0.4235972349732678,0.5764027650267323,213846500.22549653,8.33010214706329,0.3326274763412864,0.1444846880157582,transition,0.1444846880157582,63.60293230613589,94.3530767995098,1.0,0.5,-0.0675976978659623,diagnostic_quantum_state_rank_governor_not_accepted_model,0.7348979926451642,7.685714285714286,70.52279461903211,vN2_plus_sqrt_GMbar_a0_Qeff1,4857.170103595289,0.5650259191107317,0.5650259191107317,1.39788392318692,0.072735555085245,transition,False,False,0.8501747561268169,0.8928710182194705,0.8003970669455609,0.4537044125938534,0.2756610610668508,product_star_sigma_gas_hi,0.2756610610668508,0.2756610610668508,low,73.37755557715293,-0.0503639716666147,0.0503639716666147,True,False,0.3377062206733048,0.26291194867320833,0.5782257971532098,0.7557528283852384,0.4026891587839947,0.0,0.28215530867235006,,,-0.2533132577877065,0.37334337110614674,0.2756610610668508,two_channel_master,gas_hi,-0.191682548004585
UGC08490,9.0,78.6,3.8,7.8,124.98,576.54,1466100000.0,508500000.0,957600000.0,0.67,0.3468385512584407,0.6531614487415592,519797420.5101981,8.715834119988067,0.2126571712251293,0.0558801847180644,transition,0.0558801847180644,69.51321923812193,98.3065374107664,1.0,0.5,-0.0426713856184661,diagnostic_quantum_state_rank_governor_not_accepted_model,0.5310150375939849,11.641791044776118,71.24447006491319,vN2_plus_sqrt_GMbar_a0_Qeff1,4832.087648847206,0.2785281329642021,0.2785281329642021,1.2785281329642022,0.0533551443808987,low,False,False,0.7247975792696519,0.974994510987378,0.6845385361698291,0.0156456804346336,0.0075685252157363,product_star_sigma_gas_hi,0.0075685252157363,0.0075685252157363,low,69.7757796521268,-0.051717848184726,0.051717848184726,True,True,0.0712246493797886,-0.8367752051019386,0.26813014107656674,0.9974018672465365,0.18734700517468625,0.0,0.2080485140031792,,,-0.5828190805827838,0.20859045970860815,0.0075685252157363,two_channel_master,gas_hi,-0.06993767325559394
UGC08550,7.0,56.9,1.9,5.59,45.38,1284.78,527540000.0,144500000.0,383040000.0,0.45,0.2739128786442734,0.7260871213557266,414620240.38863456,8.617650499095362,0.0994301030290115,0.0145845327972755,transition,0.0145845327972755,53.83817774827711,76.13868114506687,1.0,0.5,-0.015796618855572,diagnostic_quantum_state_rank_governor_not_accepted_model,0.3772451963241437,12.42222222222222,54.86756003829323,vN2_plus_sqrt_GMbar_a0_Qeff1,2898.549383255081,0.1169759669107838,0.1169759669107838,1.1169759669107835,0.0240219144224796,low,False,False,0.5594989412251532,0.9634064007332044,0.5476804331047674,0.0072302710178901,0.0021344726690485,product_star_sigma_gas_hi,0.0021344726690485,0.0021344726690485,low,53.89560517976884,-0.0235589135272896,0.0235589135272896,True,True,0.0529527909524523,-1.1767516548163222,0.19590272970602354,0.9991832865961949,0.14921795550197126,0.0,0.17450333505126747,,,-0.6507080584869902,0.17464597075650487,0.0021344726690485,two_channel_master,gas_hi,0.057670003845721074
UGC09133,2.0,226.8,4.2,60.35,1284.78,864.63,185922240000.0,141463000000.0,44459240000.0,6.97,0.7608718569655787,0.2391281430344212,609096240.0185618,8.78468591858822,0.9360156036354964,0.8960018242545874,mature,0.8960018242545874,233.27024151484508,329.89393924834127,0.0,0.5,0.0246669924686676,diagnostic_quantum_state_rank_governor_not_accepted_model,3.1818582593854505,8.658536585365853,240.05460564924272,vN2_plus_sqrt_GMbar_a0_Qeff1,54415.00557639415,0.0,0.0,0.9452951342214784,-0.0122162887862699,low,True,False,0.9939924856502538,0.9808992785288554,0.9834872985847772,0.2389332969092151,0.2291146964009779,product_star_sigma_gas_hi,0.2291146964009779,0.2291146964009779,low,258.61609203351446,0.0570124945459456,0.0570124945459456,True,True,0.2876326926346743,0.7508366900032253,0.7111557869801873,0.88175427845121,0.4738403904946483,0.0,0.3508903127743706,,,-0.20410862447822786,0.39794568776088607,0.2291146964009779,two_channel_master,gas_hi,0.39794568776088607
UGC10310,9.0,71.4,3.9,9.58,28.37,158.79,2461180000.0,870500000.0,1590680000.0,1.8,0.3536921314166375,0.6463078685833624,120897828.03670073,8.082418498709004,0.139283585848868,0.0384787918419298,transition,0.0384787918419298,62.61478841403559,100.90261490870216,0.4728280083144021,0.0271719916855978,0.0497519929830916,diagnostic_quantum_state_rank_governor_not_accepted_model,0.5472502326049237,5.322222222222222,80.066382090813,vN2_plus_sqrt_GMbar_a0_Qeff1,6260.725967279396,0.1880529954543233,0.1880529954543233,0.8142761760606692,-0.0446141357638089,low,False,False,0.7382555349044451,0.7557787309788115,0.6962570328653125,0.898236122922092,0.3489486230735011,product_star_sigma_gas_hi,0.3489486230735011,0.3489486230735011,transition,78.13631315756524,0.0391547035192971,0.0391547035192971,False,True,0.4146459661946389,0.6734088662771891,0.691702481985361,0.38576907776888136,0.557275445618561,0.0,0.19045615172086294,,,-0.012589848712719287,0.49370507564364036,0.3489486230735011,two_channel_master,gas_hi,0.30565208018931705
UGC11455,6.0,269.4,7.4,43.44,571.26,9568.2,204896550000.0,187161000000.0,17735550000.000004,5.93,0.913441441546966,0.086558558453034,927353661.0363078,8.967245390827602,0.9757966648422332,0.9664110810031528,mature,0.9664110810031528,239.00674905675288,338.0065860147629,1.0,0.5,-0.0347416889707183,diagnostic_quantum_state_rank_governor_not_accepted_model,10.552872620245775,7.325463743676223,248.6886142865566,vN2_plus_sqrt_GMbar_a0_Qeff1,57124.22609467765,0.2705005382429511,0.2705005382429511,1.270500538242951,0.0519874266868556,low,False,False,0.9986873770617568,0.9907053809851468,0.9950702817456198,0.5435236321150203,0.5351139467879319,product_star_sigma_gas_hi,0.5351139467879319,0.5351139467879319,transition,296.12868178784504,0.0410828819899652,0.0410828819899652,True,True,0.4391556024644641,1.3911858949316993,0.8414988867733764,0.5984062085111499,0.6534465666137249,0.0,0.2966377948747523,,,-0.00857380603455049,0.49571309698272475,0.5351139467879319,two_channel_master,gas_hi,0.22521255873977364
UGC11914,2.0,288.1,10.5,9.26,2425.66,3168.33,76195040000.0,75014000000.0,1181040000.0,2.44,0.98449977846327,0.0155002215367299,2036888144.1622915,9.3089671803468,0.9930788550074092,0.9883624272826174,mature,0.9883624272826174,186.6414838542005,263.9509177680494,1.0,0.5,-0.1624049397149833,diagnostic_quantum_state_rank_governor_not_accepted_model,63.51520693625957,3.795081967213114,198.21582233861105,vN2_plus_sqrt_GMbar_a0_Qeff1,34835.0434952978,1.0,1.0,2.382704359510961,0.1885350797132683,high,False,True,0.9993546020088924,0.9976142870885316,0.9972018597811484,0.975988502612552,0.9703089969176988,product_star_sigma_gas_hi,0.9703089969176988,0.9703089969176988,high,261.9843499272516,-0.0412679094921152,0.0412679094921152,False,False,0.8345830451855941,2.3779903077836333,0.945503874026852,0.023659727242431372,0.8680085554251005,0.0,0.016202660370775723,,,0.3696405038615882,0.6848202519307941,0.9703089969176988,two_channel_master,gas_hi,-0.3151797480692059
UGC12632,9.0,71.7,2.8,12.6,13.09,66.81,2970020000.0000005,650500000.0,2319520000.0000005,2.42,0.2190220941273122,0.7809779058726878,80713981.98241085,7.906948773530353,0.0240197856196242,0.002169378054233,juvenile,0.002169378054233,59.32168592694667,101.9636973966053,0.4603360351660011,0.0396639648339989,0.0683350482353658,diagnostic_quantum_state_rank_governor_not_accepted_model,0.2804459543353796,5.206611570247934,83.91782204522788,vN2_plus_sqrt_GMbar_a0_Qeff1,6877.5331655711925,0.2358153046652741,0.2358153046652741,0.7474903975360241,-0.0631971910160831,low,False,False,0.4231686690424014,0.6053470345424874,0.4383593445330406,0.90832798934365,0.1019978201767918,product_star_sigma_gas_hi,0.1019978201767918,0.1019978201767918,low,64.96580494611881,-0.0428343318079766,0.0428343318079766,True,False,0.2487128770680669,0.4140186893797,0.6217122997522597,0.607290656863959,0.4614224307559857,0.0,0.25389843522734307,,,-0.16383223631836774,0.41808388184081613,0.1019978201767918,two_channel_master,gas_hi,0.18226857717554204
UGCA442,9.0,56.4,2.1,4.37,7.6,116.1,419790000.00000006,70000000.0,349790000.00000006,1.18,0.1667500416875104,0.8332499583124896,47983089.31380839,7.681088205881671,0.0070566729810951,0.0003923017470508,juvenile,0.0003923017470508,31.938647562480995,60.0476737357238,1.0,0.5,-0.0398567213295,diagnostic_quantum_state_rank_governor_not_accepted_model,0.2001200720432259,3.703389830508475,51.45438392407321,vN2_plus_sqrt_GMbar_a0_Qeff1,2585.64591295156,0.8357226258459113,0.8357226258459113,1.230238055437714,0.0449945785487826,high,False,False,0.3031168060183634,0.3832805065791461,0.3393931602782622,0.978046060573847,0.0385646275951412,product_star_sigma_gas_hi,0.0385646275951412,0.0385646275951412,low,33.46328853902809,-0.2267104858215624,0.2267104858215624,True,False,0.1966293725941554,0.6584695569805593,0.6878664293354009,0.6669810936967198,0.4982976992341131,0.0,0.2869120318874148,,,-0.13966967100307226,0.43016516449846387,0.0385646275951412,two_channel_master,gas_hi,-0.4055574613474474
