galaxy_name,Q,T,Vflat,e_Vflat,L36,MHI,Rdisk,RHI,Reff,SBeff,SBdisk,D,Inc,Ref,M_star_Msun,M_gas_Msun,M_baryon_Msun,Rdisk_kpc,v_flat_obs_km_s,f_star,f_gas,Sigma_baryon_Msun_kpc2,log10_Sigma_b,RHI_Rd,taxonomy_stage,organization_label_settled,organization_label_score,f_star_ctx,f_gas_ctx,RHI_over_Rdisk,best_m58_architecture_id,best_m58_footprint_score,quality_quarantined,measurement_limited,abs_log10_error_no_governor,A_inferred,rhi_extent_organization_score,fstar_x_rhi_extent_organization,clean_scalar_sample,pred_m4_fstar_rhi_interaction,quality_quarantined_pred,measurement_limited_pred,phase_region,stable_activation_score,boundary_distance,testability_class,target_role,priority_bin,acquisition_priority_rank,missing_target_label_count,existing_tier_a_label_count,organization_score,alpha_BTFR,BTFR_offset_dex,c_coherence,c_fstar,c_sigma,c_org,claim_boundary,ugc07125_role
D631-7,1.0,10.0,57.7,2.7,0.196,0.29,0.7,0.0,1.22,20.93,115.04,7.72,59.0,"Tr09,dB01",98000000.0,385700000.0,483700000.0,0.7,57.7,0.20260492040520983,0.7973950795947902,157108665.25214243,8.196200139001826,0.0,,,0.5,,,,,0.5,False,False,,,0.5,,,,,,unassigned_sparc_lite,,,,not_m63_priority_pool,not_m63_priority_pool,,,,0.5,1.1995285143609031,-0.037512436973416996,0.3687704796628606,0.14657845772172834,0.4784800556007305,0.5,response_organization_visualization_not_model_promotion,not_ugc07125
DDO064,1.0,10.0,46.1,3.9,0.157,0.211,0.69,3.49,1.2,17.41,151.65,6.8,60.0,"dB02,Sw02",78500000.0,280630000.0,359130000.0,0.69,46.1,0.21858379973825634,0.7814162002617436,120053170.9989338,8.0793736356896,5.057971014492754,juvenile_forming,0.0,0.5049400129158044,0.2185837997382563,0.7814162002617436,5.057971014492754,nearest_neighbor_mature_template,0.5143426858601354,False,False,0.0490504596709066,0.7313883056240699,0.8011708887100801,0.175122977093925,True,0.5205209444765992,False,False,measurement_limited,0.2749136722428747,0.2250863277571252,measurement_limited,primary_non_mature_acquisition,minimum_25_pool,2.0,9.0,0.0,0.5956898102429533,0.888634155146917,-0.09631932858149783,0.3891111519385583,0.16940542819750906,0.4317494542758403,0.5956898102429533,response_organization_visualization_not_model_promotion,not_ugc07125
DDO161,1.0,10.0,66.3,1.9,0.548,1.378,1.22,10.69,2.04,20.74,169.37,7.5,70.0,Co00,274000000.0,1832740000.0,2106740000.0,1.22,66.3,0.1300587637772103,0.8699412362227897,225274176.84051302,8.352711411437879,8.762295081967213,failed_stalled,0.0,0.3492760403991559,0.1300587637772103,0.8699412362227897,8.762295081967213,nearest_neighbor_mature_template,0.434167420669781,False,False,0.0921411828030931,0.5612513207542514,0.6150091016560829,0.0799873234731228,True,0.4452131854559583,False,False,transition,0.626952885371316,0.126952885371316,external_proxy_no_direct_activation_target,primary_non_mature_acquisition,minimum_25_pool,3.0,9.0,0.0,0.44597423483035903,0.7588720887275076,-0.16824614299772866,0.33820124993901585,0.04294109111030041,0.5410845645751514,0.44597423483035903,response_organization_visualization_not_model_promotion,not_ugc07125
DDO161,1.0,10.0,66.3,1.9,0.548,1.378,1.22,10.69,2.04,20.74,169.37,7.5,70.0,Co00,274000000.0,1832740000.0,2106740000.0,1.22,66.3,0.1300587637772103,0.8699412362227897,225274176.84051302,8.352711411437879,8.762295081967213,failed_stalled,0.0,0.3492760403991559,0.1300587637772103,0.8699412362227897,8.762295081967213,nearest_neighbor_mature_template,0.434167420669781,False,False,0.0921411828030931,0.5612513207542514,0.6150091016560829,0.0799873234731228,True,0.4452131854559583,False,False,failed_stalled,0.3104364421692375,0.1895635578307625,testable_direct,primary_non_mature_acquisition,minimum_25_pool,3.0,9.0,0.0,0.44597423483035903,0.7588720887275076,-0.16824614299772866,0.33820124993901585,0.04294109111030041,0.5410845645751514,0.44597423483035903,response_organization_visualization_not_model_promotion,not_ugc07125
ESO079-G014,1.0,4.0,175.0,3.5,51.733,3.14,5.08,17.67,7.23,157.34,2295.25,28.7,79.0,Ge04,25866500000.0,4176200000.0000005,30042700000.0,5.08,175.0,0.8609911892073615,0.1390088107926385,185281333.6547091,8.2678316681095,3.478346456692914,mature_or_control,1.0,0.8029659200645272,0.8609911892073615,0.1390088107926385,3.478346456692914,nearest_neighbor_mature_template,1.0,False,False,0.030472395093818,1.0,0.8805553392057646,0.7581503886656629,True,0.8171322287264214,False,False,activated_mature,0.8989649497283893,0.3989649497283892,testable_direct,mature_control_acquisition,preferred_50_pool,31.0,9.0,0.0,0.865649561793993,1.4000824456277414,-0.09180590066330607,0.7871913020735278,1.0,0.5071326672437998,0.865649561793993,response_organization_visualization_not_model_promotion,not_ugc07125
ESO116-G012,1.0,7.0,109.1,3.1,4.292,1.083,1.51,9.58,2.75,90.54,1320.78,13.0,74.0,Ge04,2146000000.0,1440390000.0,3586390000.0,1.51,109.1,0.5983732945942856,0.4016267054057144,250336255.5832387,8.398523751963339,6.344370860927152,mature_or_control,1.0,0.6999053372079475,0.5983732945942856,0.4016267054057144,6.344370860927152,nearest_neighbor_mature_template,1.0,False,False,0.0712237279408208,1.0,0.7365225237408978,0.4407154090737389,True,0.6227260416050723,False,False,activated_mature,0.8925043126469241,0.3925043126469241,testable_direct,mature_control_acquisition,preferred_50_pool,32.0,9.0,0.0,0.770909425726243,1.5749535049715528,-0.021017846369088655,0.6762528002898831,0.7119618494204081,0.5594095007853355,0.770909425726243,response_organization_visualization_not_model_promotion,not_ugc07125
ESO563-G021,1.0,4.0,314.6,11.7,311.177,24.298,5.45,55.71,10.59,429.37,6558.89,60.8,83.0,SG06,155588500000.0,32316339999.999996,187904840000.0,5.45,314.6,0.8280175220606345,0.17198247793936547,1006850740.4054103,9.00296509376827,10.222018348623854,mature_or_control,1.0,0.5870690582416639,0.8280175220606345,0.1719824779393654,10.222018348623854,nearest_neighbor_mature_template,1.0,False,False,0.0732446998489913,1.0,0.5416503223011305,0.4484959576951261,True,0.5512314272519138,False,False,activated_mature,0.7963440465481233,0.2963440465481233,testable_direct,mature_control_acquisition,preferred_50_pool,33.0,9.0,0.0,0.6560296258111711,1.8092369418432912,-0.07514873374995323,0.8272240008709091,1.0,0.8011860375073077,0.6560296258111711,response_organization_visualization_not_model_promotion,not_ugc07125
F563-1,1.0,9.0,109.9,12.5,1.903,3.2,3.52,23.47,4.61,14.22,41.77,48.9,25.0,"KN08,dB96",951500000.0,4256000000.0,5207500000.0,3.52,109.9,0.18271723475756121,0.8172827652424388,66890444.71131238,7.825364083305407,6.667613636363636,juvenile_forming,0.0,0.3601938963593776,0.1827172347575612,0.8172827652424388,6.667613636363636,nearest_neighbor_mature_template,0.4722110162467076,False,False,0.0343972706855351,1.0,0.7202778724546035,0.1316071811119645,True,0.4856196217707609,False,False,measurement_limited,0.104094057565591,0.3959059424344089,measurement_limited,primary_non_mature_acquisition,minimum_25_pool,4.0,9.0,0.0,0.4906225131654114,1.3262571525907416,-0.06627446188382491,0.30409634299116095,0.11816747822508746,0.3301456333221626,0.4906225131654114,response_organization_visualization_not_model_promotion,not_ugc07125
F563-V2,1.0,10.0,116.6,9.4,2.986,2.169,2.43,11.37,4.49,23.6,146.16,59.7,29.0,"dB01,dB96",1493000000.0,2884770000.0,4377770000.0,2.43,116.6,0.341041215047844,0.658958784952156,117994163.35914354,8.071860525241643,4.679012345679012,juvenile_forming,0.0,0.5139999488833488,0.341041215047844,0.658958784952156,4.679012345679012,nearest_neighbor_mature_template,0.785483181269801,False,False,0.08336072170972,1.0,0.8202155569736935,0.2797273101514526,True,0.5727839512599077,False,False,measurement_limited,0.308378945575656,0.191621054424344,measurement_limited,primary_non_mature_acquisition,minimum_25_pool,5.0,9.0,0.0,0.6601612777877427,1.6282370172214895,-0.018036078875123263,0.4686294643940748,0.34434459292549147,0.42874421009665725,0.6601612777877427,response_organization_visualization_not_model_promotion,not_ugc07125
F568-V1,1.0,7.0,112.3,15.8,3.825,2.491,2.85,14.38,4.4,31.39,90.54,80.6,40.0,"dB01,dB96",1912500000.0,3313030000.0000005,5225530000.0,2.85,112.3,0.36599158362883766,0.6340084163711625,102390757.74392019,8.010260757011247,5.045614035087719,juvenile_forming,0.0,0.5512645885929354,0.3659915836288376,0.6340084163711625,5.045614035087719,nearest_neighbor_mature_template,0.890607272453413,False,False,0.0476065183363852,1.0,0.8017918919826689,0.2934490842874989,True,0.5748526764646347,False,False,measurement_limited,0.3838644757051018,0.1161355242948981,measurement_limited,primary_non_mature_acquisition,minimum_25_pool,6.0,9.0,0.0,0.694291316381951,1.382424217990008,-0.0573412170090708,0.4827196927105787,0.3799879766126253,0.4041043028044989,0.694291316381951,response_organization_visualization_not_model_promotion,not_ugc07125
F571-8,1.0,5.0,139.7,4.3,10.164,1.782,3.56,24.55,1.4,825.71,87.26,53.3,85.0,"dB01,dB96",5082000000.0,2370060000.0,7452060000.0,3.56,139.7,0.6819590824550527,0.3180409175449473,93582895.56380108,7.971196478641222,6.896067415730337,mature_or_control,1.0,0.5939048188945589,0.6819590824550527,0.3180409175449473,6.896067415730337,nearest_neighbor_mature_template,1.0,False,False,0.1016359820825215,1.0,0.708796867269455,0.4833704612500933,True,0.6317904384368472,False,False,activated_mature,0.6681784264232047,0.1681784264232046,testable_direct,mature_control_acquisition,preferred_50_pool,34.0,9.0,0.0,0.709591469628116,1.791437389830393,-0.008614220426399477,0.6398244891257321,0.8313701177929325,0.38847859145648866,0.709591469628116,response_organization_visualization_not_model_promotion,not_ugc07125
F574-1,1.0,7.0,97.8,4.1,6.537,3.524,4.46,16.19,5.87,29.98,128.48,96.8,65.0,"dB01,dB96",3268500000.0,4686920000.000001,7955420000.000001,4.46,97.8,0.41085197261741047,0.5891480273825895,63652215.878668696,7.803813527033311,3.6300448430493275,mature_or_control,1.0,0.6927799831897397,0.4108519726174104,0.5891480273825895,3.630044843049328,nearest_neighbor_mature_template,1.0,False,False,0.0514949059259186,0.7162899142484588,0.8729316966240367,0.3586457095182483,True,0.6223847486184044,False,False,activated_mature,0.6204870613936224,0.1204870613936224,testable_direct,mature_control_acquisition,preferred_50_pool,35.0,9.0,0.0,0.8082695005820808,0.8497538613413013,-0.1719594159442961,0.510440730267993,0.44407424659630074,0.3215254108133244,0.8082695005820808,response_organization_visualization_not_model_promotion,not_ugc07125
F579-V1,1.0,5.0,112.1,13.4,11.848,2.245,3.37,20.96,5.76,56.6,201.76,89.5,26.0,"dB01,dB96",5924000000.0,2985850000.0,8909850000.0,3.37,112.1,0.6648821248393632,0.33511787516063685,124862125.20206426,8.096430722519624,6.2195845697329375,mature_or_control,1.0,0.6425911368515081,0.6648821248393632,0.3351178751606368,6.2195845697329375,nearest_neighbor_mature_template,1.0,False,False,0.0151752744774168,0.9142491219646848,0.7427936918529235,0.493870248156447,True,0.6478743606050017,False,False,measurement_limited,0.6743802992652516,0.1743802992652515,measurement_limited,mature_control_acquisition,preferred_50_pool,36.0,9.0,0.0,0.744133675981631,1.0549284927814886,-0.1274056347985315,0.6591814663669182,0.8069744640562332,0.4385722890078497,0.744133675981631,response_organization_visualization_not_model_promotion,not_ugc07125
F583-1,1.0,9.0,85.8,3.6,0.986,2.126,2.36,15.65,3.74,11.19,60.93,35.4,63.0,"KN08,dB96",493000000.0,2827580000.0,3320580000.0,2.36,85.8,0.1484680387161279,0.8515319612838721,94887733.57729207,7.97721007350196,6.63135593220339,juvenile_forming,0.0,0.4462449453861865,0.1484680387161279,0.8515319612838721,6.63135593220339,nearest_neighbor_mature_template,0.4442511332843972,False,False,0.0248825125352315,0.8682175583963055,0.722100012979568,0.1072087726839669,True,0.4755350311070383,False,False,pre_activation,0.3047333136093427,0.1952666863906572,testable_direct,primary_non_mature_acquisition,minimum_25_pool,7.0,9.0,0.0,0.5286027032438431,1.0123124902547902,-0.11535568254358108,0.3196242406214913,0.06924005530875414,0.39088402940078415,0.5286027032438431,response_organization_visualization_not_model_promotion,not_ugc07125
IC4202,1.0,4.0,242.6,11.0,179.749,12.326,4.78,32.13,8.55,391.59,8888.53,100.4,90.0,SG06,89874500000.0,16393580000.0,106268080000.0,4.78,242.6,0.8457337330268883,0.15426626697311177,740230835.6333476,8.869367172445768,6.7217573221757325,mature_or_control,1.0,0.6703756463172738,0.8457337330268883,0.1542662669731117,6.7217573221757325,nearest_neighbor_mature_template,1.0,False,False,0.0262051810596485,1.0,0.7175568671848507,0.6068620479433228,True,0.6873782627547941,False,False,activated_mature,0.8490108909781584,0.3490108909781584,testable_direct,mature_control_acquisition,preferred_50_pool,37.0,9.0,0.0,0.750454883314092,1.4306294786657134,-0.11400365084385422,0.8368478691366351,1.0,0.7477468689783073,0.750454883314092,response_organization_visualization_not_model_promotion,not_ugc07125
NGC0024,1.0,5.0,106.3,7.9,3.889,0.676,1.34,7.29,2.01,151.65,1182.58,7.3,64.0,"Di08,Ch06",1944500000.0,899080000.0000001,2843580000.0,1.34,106.3,0.6838210987557938,0.3161789012442063,252043780.95191115,8.401475985917836,5.440298507462686,mature_or_control,1.0,0.7824019726063639,0.6838210987557938,0.3161789012442063,5.440298507462686,nearest_neighbor_mature_template,1.0,False,False,0.0886622993703862,1.0,0.7819569192963073,0.5347186397328965,True,0.6789646282834841,False,False,activated_mature,0.9534155280214128,0.4534155280214127,testable_direct,mature_control_acquisition,preferred_50_pool,38.0,9.0,0.0,0.8257880620920741,1.679116375569807,-0.002172505327367791,0.7358536060340161,0.8340301410797055,0.5605903943671343,0.8257880620920741,response_organization_visualization_not_model_promotion,not_ugc07125
NGC0100,1.0,6.0,88.1,6.4,3.232,1.99,1.66,16.36,2.81,64.99,1193.52,13.5,89.0,"dB02,Rh96",1616000000.0,2646700000.0,4262700000.0,1.66,88.1,0.37910244680601496,0.620897553193985,246200383.18980342,8.391288724537977,9.855421686746988,failed_stalled,0.0,0.3855734141507814,0.3791024468060149,0.620897553193985,9.855421686746988,nearest_neighbor_mature_template,0.622699408094591,False,False,0.0469457908627941,0.7574205131254876,0.5600737346322111,0.2123253231908539,True,0.4797989976241961,False,False,measurement_limited,0.3651710933160962,0.1348289066839038,measurement_limited,primary_non_mature_acquisition,minimum_25_pool,8.0,9.0,0.0,0.48534870908397226,0.9420119798742905,-0.13629983751183672,0.479936257563516,0.3987177811514499,0.556515489815191,0.48534870908397226,response_organization_visualization_not_model_promotion,not_ugc07125
NGC0801,1.0,5.0,220.1,6.2,312.57,23.201,8.72,44.99,7.76,818.14,1558.94,80.7,80.0,"Sa96,Br92",156285000000.0,30857330000.0,187142330000.0,8.72,220.1,0.8351130393642101,0.1648869606357899,391705071.1381972,8.59295919409849,5.159403669724771,true_falsifier_candidate,1.0,0.789187253020455,0.8351130393642101,0.1648869606357899,5.159403669724771,nearest_neighbor_mature_template,0.7180302737758454,False,False,0.0470829068277363,0.6044754277243196,0.7960733637582478,0.6648112463650407,True,0.7428987705743314,False,False,activated_mature,0.9532434230978152,0.4532434230978153,testable_direct,mature_control_acquisition,preferred_50_pool,39.0,9.0,0.0,0.777021690392871,0.8873624817109285,-0.22975939511085253,0.80612079429165,1.0,0.6371836776393962,0.777021690392871,response_organization_visualization_not_model_promotion,not_ugc07125
NGC0891,1.0,3.0,216.1,5.7,138.34,4.462,2.55,18.16,3.68,1617.45,5067.92,9.91,90.0,Fr11,69170000000.0,5934460000.0,75104460000.0,2.55,216.1,0.9209839202625251,0.07901607973747497,1838253911.149178,9.264405498668639,7.121568627450981,mature_or_control,1.0,0.6318659252241229,0.9209839202625252,0.0790160797374749,7.121568627450981,nearest_neighbor_mature_template,1.0,False,False,0.0254962081605126,0.7463354013850007,0.697464244153309,0.6423533538232535,True,0.6940537644723327,False,False,activated_mature,0.8039570698859333,0.3039570698859333,testable_direct,mature_control_acquisition,preferred_50_pool,40.0,9.0,0.0,0.7251722358580541,1.3502794662500348,-0.11916928575726304,0.8845684405710256,1.0,0.9057621994674555,0.7251722358580541,response_organization_visualization_not_model_promotion,not_ugc07125
NGC1003,1.0,6.0,109.8,4.2,6.82,5.88,1.61,33.33,2.76,140.87,1345.33,11.4,67.0,"Sa96,Br92",3410000000.0,7820400000.0,11230400000.0,1.61,109.8,0.3036401196751674,0.6963598803248326,689546573.3957877,8.838563604646323,20.701863354037265,failed_stalled,0.0,0.3738806087009397,0.3036401196751674,0.6963598803248326,20.701863354037265,nearest_neighbor_mature_template,0.1368220140694006,False,False,0.0635245111991767,0.6959850040662326,0.0149829361005522,0.004549420510657,True,0.2705184652878006,False,False,failed_stalled,0.4031312315615337,0.0968687684384662,testable_direct,primary_non_mature_acquisition,minimum_25_pool,9.0,9.0,0.0,0.21879958799451563,0.9014757763671735,-0.1664658321813004,0.42485884088642356,0.2909144566788106,0.7354254418585292,0.21879958799451563,response_organization_visualization_not_model_promotion,not_ugc07125
NGC1090,1.0,4.0,164.4,3.7,72.045,8.783,3.53,30.49,6.36,283.68,2055.09,37.0,64.0,Ge04,36022500000.0,11681390000.0,47703890000.0,3.53,164.4,0.7551270976014745,0.24487290239852558,609290653.0196081,8.784824515769072,8.637393767705383,true_falsifier_candidate,0.0,0.5501768418325899,0.7551270976014745,0.2448729023985255,8.637393767705383,nearest_neighbor_mature_template,0.7189137391651109,False,False,0.057193011491666,0.6611679418079871,0.6212860502828341,0.4691499319303602,True,0.5933156848061389,False,False,activated_mature,0.7619626879350434,0.2619626879350434,testable_direct,mature_control_acquisition,preferred_50_pool,41.0,9.0,0.0,0.6052569838341673,0.9805589826795167,-0.1789857714719152,0.7590160761586575,0.9358958537163922,0.7139298063076289,0.6052569838341673,response_organization_visualization_not_model_promotion,not_ugc07125
NGC2403,1.0,6.0,131.2,4.9,10.041,3.199,1.39,15.11,2.16,341.06,1408.74,3.16,63.0,"Da06,Fr02",5020500000.0,4254670000.0,9275170000.0,1.39,131.2,0.5412838794329377,0.4587161205670624,764033514.5787771,8.883112409462322,10.870503597122303,mature_or_control,0.0,0.5105108966030939,0.5412838794329377,0.4587161205670624,10.870503597122305,nearest_neighbor_mature_template,1.0,False,False,0.0404458091376348,1.0,0.5090605243947789,0.2755462555105715,True,0.4833928161113762,False,False,transition,0.626952885371316,0.126952885371316,external_proxy_no_direct_activation_target,mature_control_acquisition,reserve_pool,79.0,5.0,4.0,0.6079736056199807,1.4162950082328751,-0.0642954065806185,0.6666697587271881,0.6304055420470539,0.753244963784929,0.6079736056199807,response_organization_visualization_not_model_promotion,not_ugc07125
NGC2403,1.0,6.0,131.2,4.9,10.041,3.199,1.39,15.11,2.16,341.06,1408.74,3.16,63.0,"Da06,Fr02",5020500000.0,4254670000.0,9275170000.0,1.39,131.2,0.5412838794329377,0.4587161205670624,764033514.5787771,8.883112409462322,10.870503597122303,mature_or_control,0.0,0.5105108966030939,0.5412838794329377,0.4587161205670624,10.870503597122305,nearest_neighbor_mature_template,1.0,False,False,0.0404458091376348,1.0,0.5090605243947789,0.2755462555105715,True,0.4833928161113762,False,False,activated_mature,0.6830900411229762,0.1830900411229762,testable_direct,mature_control_acquisition,reserve_pool,79.0,5.0,4.0,0.6079736056199807,1.4162950082328751,-0.0642954065806185,0.6666697587271881,0.6304055420470539,0.753244963784929,0.6079736056199807,response_organization_visualization_not_model_promotion,not_ugc07125
NGC2841,1.0,3.0,284.8,8.6,188.121,9.775,3.64,45.12,5.51,983.63,4751.49,14.1,76.0,"Di08,Be91",94060500000.0,13000750000.000002,107061250000.0,3.64,284.8,0.8785671753318778,0.12143282466812223,1286025778.2195067,9.109249674051874,12.395604395604394,mature_or_control,0.0,0.5542143616632161,0.8785671753318778,0.1214328246681222,12.395604395604394,nearest_neighbor_mature_template,1.0,False,False,0.0600710115893392,1.0,0.4324161798635315,0.3799066617105041,True,0.4748881635735253,False,False,activated_mature,0.6999776831582681,0.1999776831582681,testable_direct,mature_control_acquisition,reserve_pool,80.0,5.0,4.0,0.6068320347906675,1.9643135327060675,-0.0453200756379033,0.8273445648044626,1.0,0.8436998696207496,0.6068320347906675,response_organization_visualization_not_model_promotion,not_ugc07125
NGC2841,1.0,3.0,284.8,8.6,188.121,9.775,3.64,45.12,5.51,983.63,4751.49,14.1,76.0,"Di08,Be91",94060500000.0,13000750000.000002,107061250000.0,3.64,284.8,0.8785671753318778,0.12143282466812223,1286025778.2195067,9.109249674051874,12.395604395604394,mature_or_control,0.0,0.5542143616632161,0.8785671753318778,0.1214328246681222,12.395604395604394,nearest_neighbor_mature_template,1.0,False,False,0.0600710115893392,1.0,0.4324161798635315,0.3799066617105041,True,0.4748881635735253,False,False,transition,0.626952885371316,0.126952885371316,external_proxy_no_direct_activation_target,mature_control_acquisition,reserve_pool,80.0,5.0,4.0,0.6068320347906675,1.9643135327060675,-0.0453200756379033,0.8273445648044626,1.0,0.8436998696207496,0.6068320347906675,response_organization_visualization_not_model_promotion,not_ugc07125
NGC2903,1.0,4.0,184.6,5.6,81.863,2.552,2.33,13.76,4.54,632.16,1193.52,6.6,66.0,"Be91,Be87",40931500000.0,3394160000.0000005,44325660000.0,2.33,184.6,0.9234267464940172,0.07657325350598278,1299461750.043416,9.113763500466842,5.90557939914163,mature_or_control,1.0,0.7517342285708569,0.9234267464940172,0.0765732535059827,5.90557939914163,nearest_neighbor_mature_template,1.0,False,False,0.0168198059607071,0.8283195478752283,0.7585741048612614,0.7004876176266461,True,0.7444680387757632,False,False,transition,0.626952885371316,0.126952885371316,external_proxy_no_direct_activation_target,mature_control_acquisition,reserve_pool,81.0,5.0,4.0,0.8034393457438069,1.282575032836446,-0.11911821136232881,0.8869586937884999,1.0,0.8455054001867367,0.8034393457438069,response_organization_visualization_not_model_promotion,not_ugc07125
NGC2903,1.0,4.0,184.6,5.6,81.863,2.552,2.33,13.76,4.54,632.16,1193.52,6.6,66.0,"Be91,Be87",40931500000.0,3394160000.0000005,44325660000.0,2.33,184.6,0.9234267464940172,0.07657325350598278,1299461750.043416,9.113763500466842,5.90557939914163,mature_or_control,1.0,0.7517342285708569,0.9234267464940172,0.0765732535059827,5.90557939914163,nearest_neighbor_mature_template,1.0,False,False,0.0168198059607071,0.8283195478752283,0.7585741048612614,0.7004876176266461,True,0.7444680387757632,False,False,activated_mature,0.8745432326624325,0.3745432326624325,testable_direct,mature_control_acquisition,reserve_pool,81.0,5.0,4.0,0.8034393457438069,1.282575032836446,-0.11911821136232881,0.8869586937884999,1.0,0.8455054001867367,0.8034393457438069,response_organization_visualization_not_model_promotion,not_ugc07125
NGC2998,1.0,5.0,209.9,8.1,150.902,23.451,6.2,43.58,7.06,479.55,774.16,68.1,58.0,"Sa96,Br92",75451000000.0,31189830000.0,106640830000.0,6.2,209.9,0.7075245007001539,0.292475499299846,441530052.8075568,8.644960269237012,7.0290322580645155,mature_or_control,1.0,0.6352352489850656,0.7075245007001539,0.292475499299846,7.029032258064516,nearest_neighbor_mature_template,1.0,False,False,0.0129106994584879,0.9057699266164848,0.7021146839039052,0.4967633411633569,True,0.6350593169933787,False,False,activated_mature,0.8445327297508646,0.3445327297508646,testable_direct,mature_control_acquisition,preferred_50_pool,42.0,9.0,0.0,0.7282520296637043,1.0690797721571617,-0.17733669287849851,0.75253229694237,0.8678921438573628,0.657984107694805,0.7282520296637043,response_organization_visualization_not_model_promotion,not_ugc07125
NGC3109,1.0,9.0,66.2,2.6,0.194,0.477,1.56,6.0,1.64,11.4,140.87,1.33,70.0,"Be91,JC90",97000000.0,634410000.0,731410000.0,1.56,66.2,0.1326205548187747,0.8673794451812253,47833463.56296974,7.679731828746212,3.846153846153846,juvenile_forming,0.0,0.573996418462721,0.1326205548187747,0.8673794451812253,3.846153846153846,nearest_neighbor_mature_template,0.3980144269663732,False,False,0.0383771483298666,1.0,0.862071081439301,0.1143283451137012,True,0.5031084454719447,False,False,transition,0.3975752099733515,0.1024247900266484,testable_direct,primary_non_mature_acquisition,minimum_25_pool,10.0,9.0,0.0,0.6252224190564255,1.2840517454420761,-0.03152611781046222,0.2990394591507847,0.04660079259824955,0.271892731498485,0.6252224190564255,response_organization_visualization_not_model_promotion,not_ugc07125
NGC3198,1.0,5.0,150.1,3.9,38.279,10.869,3.14,35.66,5.84,178.99,1602.62,13.8,73.0,"Da06,Be91,Be87",19139500000.0,14455770000.000002,33595270000.0,3.14,150.1,0.569708176180754,0.430291823819246,542299209.4006712,8.734238971292958,11.35668789808917,true_falsifier_candidate,0.0,0.4208310953437688,0.569708176180754,0.430291823819246,11.35668789808917,nearest_neighbor_mature_template,0.6973559551462246,False,False,0.041752092637036,0.7652021531474711,0.4846272035899667,0.2760960802848188,True,0.4741976697723762,False,False,transition,0.5900345256976102,0.0900345256976101,testable_direct,mature_control_acquisition,reserve_pool,82.0,5.0,4.0,0.49527489977811934,0.9740232197317131,-0.1729764703601835,0.6262300140048269,0.67101168025822,0.6936955885171834,0.49527489977811934,response_organization_visualization_not_model_promotion,not_ugc07125
NGC3198,1.0,5.0,150.1,3.9,38.279,10.869,3.14,35.66,5.84,178.99,1602.62,13.8,73.0,"Da06,Be91,Be87",19139500000.0,14455770000.000002,33595270000.0,3.14,150.1,0.569708176180754,0.430291823819246,542299209.4006712,8.734238971292958,11.35668789808917,true_falsifier_candidate,0.0,0.4208310953437688,0.569708176180754,0.430291823819246,11.35668789808917,nearest_neighbor_mature_template,0.6973559551462246,False,False,0.041752092637036,0.7652021531474711,0.4846272035899667,0.2760960802848188,True,0.4741976697723762,False,False,transition,0.626952885371316,0.126952885371316,external_proxy_no_direct_activation_target,mature_control_acquisition,reserve_pool,82.0,5.0,4.0,0.49527489977811934,0.9740232197317131,-0.1729764703601835,0.6262300140048269,0.67101168025822,0.6936955885171834,0.49527489977811934,response_organization_visualization_not_model_promotion,not_ugc07125
NGC3521,1.0,4.0,213.7,15.9,84.836,4.154,2.4,18.85,2.45,2232.7,2112.66,7.7,75.0,"Da06,Sa96",42418000000.0,5524820000.0,47942820000.0,2.4,213.7,0.8847623064308691,0.1152376935691309,1324711248.049476,9.122121223899192,7.854166666666668,mature_or_control,0.0,0.5715241143402278,0.8847623064308691,0.1152376935691309,7.854166666666668,nearest_neighbor_mature_template,1.0,False,False,0.0474659609066342,1.0,0.660647335673261,0.5845158604476829,True,0.6546276854445545,False,False,transition,0.626952885371316,0.126952885371316,external_proxy_no_direct_activation_target,mature_control_acquisition,reserve_pool,83.0,5.0,4.0,0.6839562578720921,1.6527008484393422,-0.06573182696440583,0.8522838487075146,1.0,0.848848489559677,0.6839562578720921,response_organization_visualization_not_model_promotion,not_ugc07125
NGC3521,1.0,4.0,213.7,15.9,84.836,4.154,2.4,18.85,2.45,2232.7,2112.66,7.7,75.0,"Da06,Sa96",42418000000.0,5524820000.0,47942820000.0,2.4,213.7,0.8847623064308691,0.1152376935691309,1324711248.049476,9.122121223899192,7.854166666666668,mature_or_control,0.0,0.5715241143402278,0.8847623064308691,0.1152376935691309,7.854166666666668,nearest_neighbor_mature_template,1.0,False,False,0.0474659609066342,1.0,0.660647335673261,0.5845158604476829,True,0.6546276854445545,False,False,activated_mature,0.70730118953066,0.20730118953066,testable_direct,mature_control_acquisition,reserve_pool,83.0,5.0,4.0,0.6839562578720921,1.6527008484393422,-0.06573182696440583,0.8522838487075146,1.0,0.848848489559677,0.6839562578720921,response_organization_visualization_not_model_promotion,not_ugc07125
NGC3741,1.0,10.0,50.1,2.1,0.028,0.182,0.2,4.2,0.32,42.94,143.49,3.21,70.0,"Ge07,Bm05",14000000.0,242060000.0,256060000.0,0.2,50.1,0.05467468562055768,0.9453253143794423,1018830368.202768,9.008101881468578,21.0,juvenile_forming,0.0,0.3888942494661135,0.0546746856205576,0.9453253143794424,21.0,nearest_neighbor_mature_template,0.0942576316485793,False,False,0.006183480835373,1.0,0.0,0.0,True,0.3204666872325327,False,False,transition,0.3965467493710649,0.103453250628935,testable_direct,primary_non_mature_acquisition,minimum_25_pool,11.0,9.0,0.0,0.21329865106277263,1.2429440357042696,-0.016256454737996195,0.3451238587244327,0.0,0.8032407525874312,0.21329865106277263,response_organization_visualization_not_model_promotion,not_ugc07125
NGC3893,1.0,5.0,174.0,8.9,58.525,5.799,2.38,20.84,2.43,1573.37,2055.09,18.0,49.0,"VS01,SV98",29262500000.0,7712670000.000001,36975170000.0,2.38,174.0,0.7914094783066582,0.2085905216933418,1038906340.8592535,9.01657639694944,8.756302521008404,mature_or_control,1.0,0.5836879317079248,0.7914094783066582,0.2085905216933418,8.756302521008404,nearest_neighbor_mature_template,1.0,False,False,0.0170224256745111,1.0,0.6153102593941213,0.4869623713838361,True,0.5975480844676195,False,False,activated_mature,0.7969820122660451,0.2969820122660451,testable_direct,mature_control_acquisition,preferred_50_pool,43.0,9.0,0.0,0.6764370436721987,1.2476431899354932,-0.1212558953641536,0.8309565478279102,0.987727826152369,0.8066305587797757,0.6764370436721987,response_organization_visualization_not_model_promotion,not_ugc07125
NGC3917,1.0,6.0,135.9,4.1,21.966,1.888,2.63,14.08,5.56,112.94,1226.96,18.0,79.0,"VS01,SV98",10983000000.0,2511040000.0,13494040000.0,2.63,135.9,0.8139148839043014,0.18608511609569856,310492152.3051887,8.492050627850366,5.353612167300381,mature_or_control,1.0,0.8069742744447722,0.8139148839043014,0.1860851160956985,5.353612167300381,nearest_neighbor_mature_template,1.0,False,False,0.0246631985603293,1.0,0.7863133642789375,0.6399921505994921,True,0.7280484412274102,False,False,activated_mature,0.9762525394567496,0.4762525394567495,testable_direct,mature_control_acquisition,preferred_50_pool,44.0,9.0,0.0,0.8393811465060674,1.259838599793253,-0.09769299923071673,0.8107014318508715,1.0,0.5968202511401465,0.8393811465060674,response_organization_visualization_not_model_promotion,not_ugc07125
NGC3953,1.0,4.0,220.8,6.1,141.301,2.832,4.89,17.38,6.17,587.26,1999.08,18.0,62.0,"VS01,SV98",70650500000.0,3766560000.0,74417060000.0,4.89,220.8,0.9493857994389996,0.0506142005610004,495307520.0156474,8.69487492171657,3.554192229038855,mature_or_control,1.0,0.8301717168479605,0.9493857994389996,0.0506142005610004,3.554192229038855,nearest_neighbor_mature_template,1.0,False,False,0.0048166982518404,1.0,0.876743689829732,0.8323680088720985,True,0.8515486528974621,False,False,activated_mature,0.9949148716792198,0.4949148716792197,testable_direct,mature_control_acquisition,preferred_50_pool,45.0,9.0,0.0,0.8781089653729,1.4161487635736913,-0.10863101093109462,0.8507151786521898,1.0,0.677949968686628,0.8781089653729,response_organization_visualization_not_model_promotion,not_ugc07125
NGC3972,1.0,4.0,132.7,2.9,14.353,1.214,2.18,10.05,3.73,164.75,1587.93,18.0,77.0,"VS01,SV98",7176500000.0,1614620000.0,8791120000.0,2.18,132.7,0.8163351199847119,0.18366488001528816,294409183.4260632,8.468951352707107,4.610091743119266,mature_or_control,1.0,0.8184681126377343,0.8163351199847119,0.1836648800152881,4.610091743119266,nearest_neighbor_mature_template,1.0,False,False,0.0438649241014279,1.0,0.8236791801080777,0.6723982423224367,True,0.7563597978571457,False,False,activated_mature,0.9780491933887114,0.4780491933887114,testable_direct,mature_control_acquisition,preferred_50_pool,46.0,9.0,0.0,0.8563378103512904,1.4882186240882664,-0.0523982954096196,0.8125545324843819,1.0,0.5875805410828427,0.8563378103512904,response_organization_visualization_not_model_promotion,not_ugc07125
NGC3992,1.0,4.0,241.0,5.2,226.932,16.599,4.96,32.75,9.99,360.44,3257.09,23.7,56.0,"VS01,SV98",113466000000.0,22076670000.0,135542670000.0,4.96,241.0,0.8371238370913012,0.1628761629086988,876865160.4112557,8.94293281504035,6.602822580645161,mature_or_control,1.0,0.7116682643074945,0.8371238370913012,0.1628761629086988,6.602822580645161,nearest_neighbor_mature_template,1.0,False,False,0.0015305984912925,0.9868370153275026,0.7235339641188216,0.6056875283090278,True,0.6892310169353891,False,False,activated_mature,0.8996214404683217,0.3996214404683217,testable_direct,mature_control_acquisition,preferred_50_pool,47.0,9.0,0.0,0.7728943213893937,1.2500951219965026,-0.14847369230241103,0.8538788905224672,1.0,0.7771731260161403,0.7728943213893937,response_organization_visualization_not_model_promotion,not_ugc07125
NGC4088,1.0,4.0,171.7,6.9,107.286,8.226,2.58,22.25,6.1,457.96,3988.69,18.0,69.0,"VS01,SV98",53643000000.0,10940580000.000002,64583580000.0,2.58,171.7,0.8305981179736397,0.16940188202636028,1544197464.030237,9.188702834895674,8.624031007751938,true_falsifier_candidate,0.0,0.5662844556272452,0.8305981179736397,0.1694018820263602,8.624031007751938,nearest_neighbor_mature_template,0.8152187178217316,False,False,0.0721205113385047,0.4597920095678989,0.6219575993232513,0.5165968114572956,True,0.6115236600082313,False,False,activated_mature,0.7626282119449396,0.2626282119449395,testable_direct,mature_control_acquisition,preferred_50_pool,48.0,9.0,0.0,0.6327732511749443,0.9192349459648738,-0.19945621727797835,0.8462503722378776,1.0,0.8754811339582694,0.6327732511749443,response_organization_visualization_not_model_promotion,not_ugc07125
NGC4100,1.0,4.0,158.2,5.0,59.394,3.102,2.15,18.06,4.93,388.0,8970.78,18.0,73.0,"VS01,SV98",29697000000.0,4125660000.0,33822660000.0,2.15,158.2,0.8780208298223735,0.12197917017762648,1164530779.3437588,9.066150971722134,8.4,mature_or_control,1.0,0.6030037652935188,0.8780208298223735,0.1219791701776264,8.4,nearest_neighbor_mature_template,1.0,False,False,0.0470522513938085,0.67139129365072,0.6332163369495851,0.5559771336255585,True,0.631455313387454,False,False,activated_mature,0.7981292156513884,0.2981292156513884,testable_direct,mature_control_acquisition,preferred_50_pool,49.0,9.0,0.0,0.6914667837316351,1.0783408856113497,-0.15102664105186925,0.8467011711605892,1.0,0.8264603886888537,0.6914667837316351,response_organization_visualization_not_model_promotion,not_ugc07125
NGC4157,1.0,3.0,184.7,7.2,105.62,8.226,2.32,24.09,4.44,848.85,23813.87,18.0,82.0,"VS01,SV98",52810000000.0,10940580000.000002,63750580000.0,2.32,184.7,0.828384620186985,0.17161537981301506,1885073560.4888754,9.275328302176332,10.383620689655173,mature_or_control,1.0,0.5868819063328693,0.828384620186985,0.171615379813015,10.383620689655173,nearest_neighbor_mature_template,1.0,False,False,0.0597452154969878,0.5795487478493855,0.5335289538542789,0.4419671797973363,True,0.5452579601063513,False,False,activated_mature,0.7963801800622807,0.2963801800622807,testable_direct,mature_control_acquisition,preferred_50_pool,50.0,9.0,0.0,0.6534996393227184,1.0706282885139782,-0.16607386251431633,0.864595854101502,1.0,0.9101313208705328,0.6534996393227184,response_organization_visualization_not_model_promotion,not_ugc07125
NGC4183,1.0,6.0,110.6,5.4,10.838,3.506,2.79,16.07,4.47,86.46,1098.58,18.0,82.0,"VS01,SV98",5419000000.0,4662980000.0,10081980000.0,2.79,110.6,0.5374936272438549,0.46250637275614515,206137761.99607235,8.314157556671503,5.759856630824372,mature_or_control,1.0,0.7349289448337464,0.5374936272438549,0.4625063727561451,5.759856630824372,nearest_neighbor_mature_template,1.0,False,False,0.032840471583085,0.8004255086628022,0.7658974411758652,0.4116649937544027,True,0.6188415270017513,False,False,activated_mature,0.8885671759097381,0.3885671759097381,testable_direct,mature_control_acquisition,reserve_pool,51.0,9.0,0.0,0.7972337047696327,0.9653489570334904,-0.14930507667278814,0.6418989829868278,0.6249908960626499,0.5256630226686013,0.7972337047696327,response_organization_visualization_not_model_promotion,not_ugc07125
NGC4217,1.0,3.0,181.3,7.2,85.299,2.562,2.94,16.7,5.28,483.98,4373.51,18.0,86.0,"VS01,SV98",42649500000.0,3407460000.0,46056960000.0,2.94,181.3,0.9260163936134734,0.0739836063865266,848048596.3933663,8.928420739686862,5.680272108843537,mature_or_control,1.0,0.7797598914259906,0.9260163936134734,0.0739836063865266,5.680272108843537,nearest_neighbor_mature_template,1.0,False,False,0.0475847471305848,0.6483048725098944,0.7698969824049594,0.7129372271005363,True,0.754568161325726,False,False,activated_mature,0.9467863836385024,0.4467863836385024,testable_direct,mature_control_acquisition,reserve_pool,52.0,9.0,0.0,0.820849040434483,1.2136542116052664,-0.13192748129640952,0.8662336156865056,1.0,0.7713682958747448,0.820849040434483,response_organization_visualization_not_model_promotion,not_ugc07125
NGC4559,1.0,6.0,121.2,5.1,19.377,5.811,2.1,21.16,3.82,211.27,1602.62,9.0,67.0,Ba05,9688500000.0,7728630000.000001,17417130000.0,2.1,121.2,0.5562627137766096,0.4437372862233905,628576492.9646583,8.798358135563797,10.076190476190476,true_falsifier_candidate,0.0,0.5270304267120406,0.5562627137766096,0.4437372862233905,10.076190476190476,nearest_neighbor_mature_template,0.8013330916921464,False,False,0.0617213353931001,0.6428376682942409,0.5489789406509253,0.305376515332692,True,0.5073636987947449,False,False,activated_mature,0.7491226979666419,0.2491226979666418,testable_direct,mature_control_acquisition,reserve_pool,53.0,9.0,0.0,0.5884755138897272,0.881990559282707,-0.1805493815932686,0.6564441500341546,0.6518038768237281,0.7193432542255188,0.5884755138897272,response_organization_visualization_not_model_promotion,not_ugc07125
NGC5005,1.0,4.0,262.2,20.7,178.72,1.28,9.45,10.41,3.97,1789.91,96.57,16.9,68.0,Ri15,89360000000.0,1702400000.0000002,91062400000.0,9.45,262.2,0.9813051270337703,0.018694872966229754,162291437.41565368,8.210295606818034,1.1015873015873017,mature_or_control,1.0,0.7951818389787029,0.9813051270337704,0.0186948729662297,1.1015873015873017,nearest_neighbor_mature_template,1.0,False,False,0.0443499929387442,1.0,1.0,0.9813051270337704,True,0.970529389808388,False,False,activated_mature,0.8670367165633645,0.3670367165633644,testable_direct,mature_control_acquisition,reserve_pool,54.0,9.0,0.0,0.8975909194893514,1.8052727312893138,-0.06020970121214253,0.7887186608013301,1.0,0.48411824272721377,0.8975909194893514,response_organization_visualization_not_model_promotion,not_ugc07125
NGC5033,1.0,5.0,194.2,3.6,110.509,11.314,5.16,29.53,2.94,2036.24,614.94,15.7,66.0,"Sa96,Be87",55254500000.0,15047620000.0,70302120000.0,5.16,194.2,0.7859578061088343,0.21404219389116572,420232028.86844224,8.62348914999931,5.7228682170542635,mature_or_control,1.0,0.7917010105796597,0.7859578061088343,0.2140421938911657,5.722868217054264,nearest_neighbor_mature_template,1.0,False,False,0.0043111761455451,1.0,0.7677563037057924,0.6034240600868325,True,0.7048788747261248,False,False,activated_mature,0.9766851213997878,0.4766851213997878,testable_direct,mature_control_acquisition,reserve_pool,55.0,9.0,0.0,0.8261773964015675,1.1270968444785356,-0.15699433248995698,0.8181206029747907,0.9799397230126204,0.649395659999724,0.8261773964015675,response_organization_visualization_not_model_promotion,not_ugc07125
NGC5055,1.0,4.0,179.0,4.9,152.922,11.722,3.2,35.06,4.18,1383.02,3348.34,9.9,55.0,"Ba06,Bl04",76461000000.0,15590260000.0,92051260000.0,3.2,179.0,0.830635017923709,0.16936498207629097,1430704399.1052012,9.155549912516761,10.95625,true_falsifier_candidate,0.0,0.4531865217387902,0.830635017923709,0.1693649820762909,10.95625,nearest_neighbor_mature_template,0.7964020257399961,False,False,0.0943074189278329,0.4049988834479593,0.5047513162093171,0.4192641185865418,True,0.5241974517070057,False,False,transition,0.626952885371316,0.126952885371316,external_proxy_no_direct_activation_target,mature_control_acquisition,reserve_pool,84.0,5.0,4.0,0.5372990608801895,0.836831822215002,-0.2273918605369989,0.8129667060164033,1.0,0.8622199650067046,0.5372990608801895,response_organization_visualization_not_model_promotion,not_ugc07125
NGC5055,1.0,4.0,179.0,4.9,152.922,11.722,3.2,35.06,4.18,1383.02,3348.34,9.9,55.0,"Ba06,Bl04",76461000000.0,15590260000.0,92051260000.0,3.2,179.0,0.830635017923709,0.16936498207629097,1430704399.1052012,9.155549912516761,10.95625,true_falsifier_candidate,0.0,0.4531865217387902,0.830635017923709,0.1693649820762909,10.95625,nearest_neighbor_mature_template,0.7964020257399961,False,False,0.0943074189278329,0.4049988834479593,0.5047513162093171,0.4192641185865418,True,0.5241974517070057,False,False,transition,0.5999964561532632,0.0999964561532632,testable_direct,mature_control_acquisition,reserve_pool,84.0,5.0,4.0,0.5372990608801895,0.836831822215002,-0.2273918605369989,0.8129667060164033,1.0,0.8622199650067046,0.5372990608801895,response_organization_visualization_not_model_promotion,not_ugc07125
NGC5371,1.0,4.0,209.5,3.9,340.393,11.18,7.44,30.03,9.8,560.83,1395.82,39.7,53.0,"Sa96,Be87",170196500000.0,14869400000.0,185065900000.0,7.44,209.5,0.919653485596212,0.08034651440378805,532109072.99164623,8.726000664142939,4.036290322580645,true_falsifier_candidate,1.0,0.8024853474823893,0.919653485596212,0.080346514403788,4.036290322580645,nearest_neighbor_mature_template,0.7080850314238081,False,False,0.1070838237324706,0.1229344705079685,0.8525157224612471,0.7840190556870588,True,0.8193495973626118,False,False,activated_mature,0.9604831804595098,0.4604831804595097,testable_direct,mature_control_acquisition,reserve_pool,56.0,9.0,0.0,0.7986143967643303,0.8084475446368847,-0.24974656737193657,0.8312244120093105,1.0,0.6904002656571755,0.7986143967643303,response_organization_visualization_not_model_promotion,not_ugc07125
NGC5585,1.0,7.0,90.3,2.4,2.943,1.683,1.53,10.92,2.27,90.54,297.05,7.06,51.0,"Bl99,Sa96,Co91",1471500000.0,2238390000.0000005,3709890000.0000005,1.53,90.3,0.39664248805220637,0.6033575119477936,252230907.69669428,8.401798302775038,7.137254901960784,juvenile_forming,0.0,0.510926035600268,0.3966424880522063,0.6033575119477936,7.137254901960784,nearest_neighbor_mature_template,0.8366141394021398,False,False,0.0157163873677569,0.9035639477886522,0.6966759262735087,0.2763312727631999,True,0.5413259993764844,False,False,transition,0.5948771247049807,0.0948771247049806,testable_direct,primary_non_mature_acquisition,minimum_25_pool,12.0,9.0,0.0,0.6317886235626146,1.060820680908219,-0.10755119848423123,0.5341095934833929,0.42377498293172344,0.5607193211100153,0.6317886235626146,response_organization_visualization_not_model_promotion,not_ugc07125
NGC5907,1.0,5.0,215.0,2.9,175.425,21.025,5.34,0.0,7.88,449.6,8646.29,17.3,88.0,"Sa96,SA87",87712500000.0,27963250000.0,115675750000.0,5.34,215.0,0.7582617791542307,0.24173822084576932,645624409.3886263,8.809979941575211,0.0,,,0.5,,,,,0.5,False,False,,,0.5,,,,,,unassigned_sparc_lite,,,,not_m63_priority_pool,not_m63_priority_pool,,,,0.5,1.0769678812548529,-0.17747099495753593,0.7325280813976449,0.9403739702203296,0.7239919766300844,0.5,response_organization_visualization_not_model_promotion,not_ugc07125
NGC5985,1.0,3.0,293.6,8.6,208.728,11.586,7.01,39.5,10.71,288.95,1461.61,39.7,60.0,"Bl04,Br92",104364000000.0,15409380000.0,119773380000.0,7.01,293.6,0.8713455360448207,0.12865446395517935,387921991.97445583,8.58874440120979,5.634807417974322,mature_or_control,1.0,0.8040413217746091,0.8713455360448207,0.1286544639551793,5.634807417974322,nearest_neighbor_mature_template,1.0,False,False,0.0750502755722731,1.0,0.7721818224853364,0.672837184037552,True,0.737538405578013,False,False,activated_mature,0.9784362457751288,0.4784362457751288,testable_direct,mature_control_acquisition,reserve_pool,57.0,9.0,0.0,0.8336752076329055,1.9736900117743557,-0.046673680100832726,0.8225267784592423,1.0,0.6354977604839164,0.8336752076329055,response_organization_visualization_not_model_promotion,not_ugc07125
NGC6195,1.0,3.0,251.7,9.3,391.076,20.907,13.94,40.89,9.52,686.8,174.11,127.8,62.0,SG06,195538000000.0,27806310000.0,223344310000.0,13.94,251.7,0.8755002533979934,0.12449974660200656,182923489.210516,8.262269476824219,2.9332855093256818,mature_or_control,1.0,0.8031363424658143,0.8755002533979934,0.1244997466020065,2.9332855093256818,nearest_neighbor_mature_template,1.0,False,False,0.0450355547973543,0.6335265955764974,0.9079475214681574,0.7949082851174518,True,0.8446166493147828,False,False,activated_mature,0.8958256195128577,0.3958256195128576,testable_direct,mature_control_acquisition,reserve_pool,58.0,9.0,0.0,0.8739524276733543,1.0622481375279624,-0.19446027737082572,0.788903455057397,1.0,0.5049077907296876,0.8739524276733543,response_organization_visualization_not_model_promotion,not_ugc07125
NGC6503,1.0,6.0,116.3,2.4,12.845,1.744,2.16,14.05,1.62,774.16,398.87,6.26,74.0,"Be91,Be87",6422500000.0,2319520000.0000005,8742020000.0,2.16,116.3,0.7346700190573804,0.2653299809426197,298211525.9791261,8.474524425074039,6.50462962962963,mature_or_control,1.0,0.7037388631066879,0.7346700190573804,0.2653299809426197,6.50462962962963,nearest_neighbor_mature_template,1.0,False,False,0.0047904128483258,1.0,0.7284686768772601,0.5351840967241214,True,0.660819536027126,False,False,activated_mature,0.8960278966748124,0.3960278966748124,testable_direct,mature_control_acquisition,reserve_pool,59.0,9.0,0.0,0.7704100346165219,1.1463058932247039,-0.10896221219602253,0.7548914394240122,0.9066714557962577,0.5898097700296155,0.7704100346165219,response_organization_visualization_not_model_promotion,not_ugc07125
NGC6674,1.0,3.0,241.3,4.9,214.654,32.165,6.04,50.02,7.75,560.83,1370.35,51.2,54.0,"Sa96,Br92",107327000000.0,42779450000.00001,150106450000.0,6.04,241.3,0.7150059174672374,0.28499408253276265,654855694.5823767,8.816145608463174,8.281456953642385,mature_or_control,0.0,0.5736237150700809,0.7150059174672374,0.2849940825327626,8.281456953642385,nearest_neighbor_mature_template,1.0,False,False,0.0322623904351289,0.7936659624078981,0.6391737491389038,0.4570130129240357,True,0.5957102843291225,False,False,activated_mature,0.7980777026367536,0.2980777026367536,testable_direct,mature_control_acquisition,reserve_pool,60.0,9.0,0.0,0.6785639822767116,1.190863434237182,-0.16118608495621656,0.7653325386014765,0.8785798820960535,0.7264582433852695,0.6785639822767116,response_organization_visualization_not_model_promotion,not_ugc07125
NGC6946,1.0,6.0,158.9,10.9,66.173,5.67,2.44,21.25,4.2,571.26,2232.7,5.52,38.0,Bo08,33086500000.0,7541100000.0,40627600000.0,2.44,158.9,0.8143848024495663,0.1856151975504337,1086079576.3840847,9.035861646908801,8.709016393442623,true_falsifier_candidate,0.0,0.4556508466350362,0.8143848024495663,0.1856151975504337,8.709016393442623,nearest_neighbor_mature_template,0.934552875872686,False,False,0.0338262899432106,0.7301681133883909,0.6176866362580686,0.5030346092447644,True,0.6045801298193839,False,False,transition,0.6007349851588653,0.1007349851588652,testable_direct,mature_control_acquisition,reserve_pool,85.0,5.0,4.0,0.600041989369476,0.9926227029034659,-0.17291363200798893,0.8150332273780749,1.0,0.8143446587635204,0.600041989369476,response_organization_visualization_not_model_promotion,not_ugc07125
NGC6946,1.0,6.0,158.9,10.9,66.173,5.67,2.44,21.25,4.2,571.26,2232.7,5.52,38.0,Bo08,33086500000.0,7541100000.0,40627600000.0,2.44,158.9,0.8143848024495663,0.1856151975504337,1086079576.3840847,9.035861646908801,8.709016393442623,true_falsifier_candidate,0.0,0.4556508466350362,0.8143848024495663,0.1856151975504337,8.709016393442623,nearest_neighbor_mature_template,0.934552875872686,False,False,0.0338262899432106,0.7301681133883909,0.6176866362580686,0.5030346092447644,True,0.6045801298193839,False,False,transition,0.626952885371316,0.126952885371316,external_proxy_no_direct_activation_target,mature_control_acquisition,reserve_pool,85.0,5.0,4.0,0.600041989369476,0.9926227029034659,-0.17291363200798893,0.8150332273780749,1.0,0.8143446587635204,0.600041989369476,response_organization_visualization_not_model_promotion,not_ugc07125
NGC7331,1.0,3.0,239.0,5.4,250.631,11.067,5.02,27.01,3.99,2470.76,1806.47,14.7,75.0,"Be91,Be87",125315500000.0,14719110000.0,140034610000.0,5.02,239.0,0.894889484820931,0.10511051517906894,884398675.6339487,8.946648083561472,5.380478087649403,disturbed_or_measurement_contaminated,1.0,0.7090330170586335,0.894889484820931,0.1051105151790689,5.380478087649403,nearest_neighbor_mature_template,0.7192152306394695,False,False,0.0340777514417192,0.6529781202223786,0.7849632103367004,0.7024553229015938,True,0.7558021443251632,False,False,transition,0.626952885371316,0.126952885371316,external_proxy_no_direct_activation_target,primary_non_mature_acquisition,reserve_pool,78.0,5.0,4.0,0.7338485177582208,1.209553555313561,-0.15632647952854084,0.8426852870260723,1.0,0.7786592334245889,0.7338485177582208,response_organization_visualization_not_model_promotion,not_ugc07125
NGC7331,1.0,3.0,239.0,5.4,250.631,11.067,5.02,27.01,3.99,2470.76,1806.47,14.7,75.0,"Be91,Be87",125315500000.0,14719110000.0,140034610000.0,5.02,239.0,0.894889484820931,0.10511051517906894,884398675.6339487,8.946648083561472,5.380478087649403,disturbed_or_measurement_contaminated,1.0,0.7090330170586335,0.894889484820931,0.1051105151790689,5.380478087649403,nearest_neighbor_mature_template,0.7192152306394695,False,False,0.0340777514417192,0.6529781202223786,0.7849632103367004,0.7024553229015938,True,0.7558021443251632,False,False,activated_mature,0.7933644907102361,0.293364490710236,testable_direct,primary_non_mature_acquisition,reserve_pool,78.0,5.0,4.0,0.7338485177582208,1.209553555313561,-0.15632647952854084,0.8426852870260723,1.0,0.7786592334245889,0.7338485177582208,response_organization_visualization_not_model_promotion,not_ugc07125
NGC7814,1.0,2.0,218.9,7.0,74.529,1.07,2.54,12.15,2.08,2709.13,2635.3,14.4,90.0,Fr11,37264500000.0,1423100000.0000002,38687600000.0,2.54,218.9,0.9632156039661287,0.036784396033871326,954386939.1099899,8.979724487335302,4.783464566929134,mature_or_control,1.0,0.8005780980760613,0.9632156039661288,0.0367843960338713,4.783464566929134,nearest_neighbor_mature_template,1.0,False,False,0.0244286313153802,1.0,0.8149662829319277,0.7849882404263078,True,0.8053365116863377,False,False,activated_mature,0.9601820503819952,0.4601820503819951,testable_direct,mature_control_acquisition,reserve_pool,61.0,9.0,0.0,0.844778933917609,1.9304236173990144,-0.0274382033231233,0.880595108402225,1.0,0.7918897949341208,0.844778933917609,response_organization_visualization_not_model_promotion,not_ugc07125
UGC00128,1.0,8.0,129.3,2.8,12.02,7.431,5.95,31.27,9.63,20.36,88.89,64.5,57.0,"VB99,VH93",6010000000.0,9883230000.000002,15893230000.000002,5.95,129.3,0.378148431753646,0.621851568246354,71449364.20299143,7.85399836854531,5.25546218487395,juvenile_forming,1.0,0.6096578993374148,0.378148431753646,0.621851568246354,5.25546218487395,nearest_neighbor_mature_template,0.6037212989754608,False,False,0.0128946458972553,0.9289624089297926,0.7912459176395511,0.2992084028868708,True,0.5749685014883625,False,False,transition,0.5447490595091597,0.0447490595091597,testable_direct,primary_non_mature_acquisition,minimum_25_pool,13.0,9.0,0.0,0.6629469847556649,1.050843298910714,-0.14056391345940256,0.45751808289986584,0.3973549025052086,0.34159934741812387,0.6629469847556649,response_organization_visualization_not_model_promotion,not_ugc07125
UGC00731,1.0,10.0,73.3,2.3,0.323,1.807,2.3,11.57,1.4,25.63,82.57,12.5,57.0,"Sw09,Sw02",161500000.0,2403310000.0,2564810000.0,2.3,73.3,0.06296762723164678,0.9370323727683532,77164875.1590783,7.887419657901373,5.030434782608697,juvenile_forming,0.0,0.5512021611211092,0.0629676272316467,0.9370323727683532,5.030434782608697,nearest_neighbor_mature_template,0.3872247113493991,False,False,0.0568447940412088,0.695472852986707,0.8025547293360339,0.0505349670298264,True,0.4636784166617463,False,False,transition,0.3965282744548092,0.1034717255451907,testable_direct,primary_non_mature_acquisition,minimum_25_pool,14.0,9.0,0.0,0.5938124416312446,0.8406734729760171,-0.15020352964897943,0.3023824845955656,0.0,0.3549678631605492,0.5938124416312446,response_organization_visualization_not_model_promotion,not_ugc07125
UGC01230,1.0,9.0,103.7,6.1,7.62,6.43,4.34,26.29,6.45,28.63,69.32,53.7,22.0,"dB02,VdH93",3810000000.0,8551900000.0,12361900000.0,4.34,103.7,0.3082050493856122,0.6917949506143878,104454197.95534526,8.01892589871753,6.057603686635945,disturbed_or_measurement_contaminated,0.0,0.4457367642333315,0.3082050493856122,0.6917949506143878,6.057603686635945,nearest_neighbor_mature_template,0.6601888621556068,False,False,0.0834840693771751,0.5981967627928872,0.7509340840315375,0.2314416764542795,True,0.5352637120168209,False,False,measurement_limited,0.2262567830378561,0.2737432169621438,measurement_limited,primary_non_mature_acquisition,minimum_25_pool,15.0,9.0,0.0,0.5801863797572483,0.7664112892547481,-0.2037547262150583,0.42080806444043484,0.2974357848365889,0.40757035948701203,0.5801863797572483,response_organization_visualization_not_model_promotion,not_ugc07125
UGC01281,1.0,8.0,55.2,3.5,0.353,0.294,1.63,5.26,2.01,13.83,135.78,5.27,90.0,"dB02,Sw02",176500000.0,391020000.0,567520000.0,1.63,55.2,0.3110022554271215,0.6889977445728784,33995864.843807615,7.531426093961837,3.226993865030675,juvenile_forming,1.0,0.5932638156018216,0.3110022554271215,0.6889977445728784,3.226993865030675,nearest_neighbor_mature_template,0.5228441875133584,False,False,0.0108610000266834,0.9382739299718946,0.8931871302672842,0.2777832120316036,True,0.5878384711459332,False,False,measurement_limited,0.4099544602828827,0.0900455397171173,measurement_limited,primary_non_mature_acquisition,minimum_25_pool,16.0,9.0,0.0,0.6691568843837677,1.013525228272191,-0.07750129243803361,0.38064784618334824,0.30143179346731647,0.21257043758473487,0.6691568843837677,response_organization_visualization_not_model_promotion,not_ugc07125
UGC02487,1.0,0.0,332.0,3.5,489.955,17.963,7.89,40.2,9.63,818.14,1150.35,69.1,36.0,"No07,No05",244977500000.0,23890790000.000004,268868290000.0,7.89,332.0,0.9111431474496304,0.08885685255036957,687393957.7004666,8.837205710302111,5.095057034220533,mature_or_control,1.0,0.8222359483103044,0.9111431474496304,0.0888568525503695,5.095057034220533,nearest_neighbor_mature_template,1.0,False,False,0.0159960343010751,0.8833522354207538,0.7993071209669005,0.7282832059766842,True,0.7731088470327786,False,False,activated_mature,0.9928136221703218,0.4928136221703217,testable_direct,mature_control_acquisition,reserve_pool,62.0,9.0,0.0,0.8509101104452224,1.6844315543107788,-0.09829425223460486,0.8624818325758623,1.0,0.7348822841208446,0.8509101104452224,response_organization_visualization_not_model_promotion,not_ugc07125
UGC02885,1.0,5.0,289.5,12.0,403.525,40.075,11.4,74.24,12.2,421.53,470.79,80.6,64.0,"Sa96,RA85",201762500000.0,53299750000.00001,255062250000.0,11.4,289.5,0.7910323852314484,0.20896761476855163,312360863.98615557,8.494656615411506,6.512280701754385,mature_or_control,1.0,0.7132214526470548,0.7910323852314484,0.2089676147685516,6.512280701754385,nearest_neighbor_mature_template,1.0,False,False,0.0336344534924578,1.0,0.7280841702213415,0.5759381578194477,True,0.6782098584129068,False,False,activated_mature,0.8983524144446914,0.3983524144446914,testable_direct,mature_control_acquisition,reserve_pool,63.0,9.0,0.0,0.7750359773899298,1.3149857194040984,-0.1509386416828722,0.7872789119903139,0.987189121759212,0.5978626461646023,0.7750359773899298,response_organization_visualization_not_model_promotion,not_ugc07125
UGC03205,1.0,2.0,219.6,8.6,113.642,9.677,3.19,28.6,5.35,587.26,3915.89,50.0,67.0,"No07,No05",56821000000.0,12870410000.0,69691410000.0,3.19,219.6,0.8153228640373326,0.1846771359626674,1089978714.0991092,9.037418016803409,8.965517241379311,mature_or_control,1.0,0.5877342301284297,0.8153228640373326,0.1846771359626674,8.965517241379311,nearest_neighbor_mature_template,1.0,False,False,0.0092392657479627,0.9358237580388178,0.6047961182140262,0.493104103260921,True,0.5953376419052147,False,False,activated_mature,0.7967259958834088,0.2967259958834087,testable_direct,mature_control_acquisition,reserve_pool,64.0,9.0,0.0,0.6753059505284227,1.4475115557810623,-0.10247826035343577,0.8378303075110041,1.0,0.8149672067213636,0.6753059505284227,response_organization_visualization_not_model_promotion,not_ugc07125
UGC03546,1.0,1.0,196.9,7.4,101.336,2.675,3.79,18.37,2.58,2403.42,922.21,28.7,55.0,"No07,No05",50668000000.0,3557750000.0,54225750000.0,3.79,196.9,0.9343900268783742,0.0656099731216258,600824009.5352541,8.778747279189737,4.846965699208443,mature_or_control,1.0,0.8258526755547789,0.9343900268783742,0.0656099731216258,4.846965699208443,nearest_neighbor_mature_template,1.0,False,False,0.0593565573555587,0.5752299067797505,0.8117750167117646,0.7585144796844984,True,0.791847215534109,False,False,activated_mature,0.9941314616100664,0.4941314616100664,testable_direct,mature_control_acquisition,reserve_pool,65.0,9.0,0.0,0.8564588427909188,1.3192759397855558,-0.11728174853959716,0.8559622719238387,1.0,0.7114989116758949,0.8564588427909188,response_organization_visualization_not_model_promotion,not_ugc07125
UGC04278,1.0,7.0,91.4,4.8,1.307,1.116,2.21,8.9,2.46,34.11,377.42,9.51,90.0,"dB02,Sw02",653500000.0,1484280000.0000002,2137780000.0000002,2.21,91.4,0.30569095042520744,0.6943090495747926,69662425.8805086,7.842998593983464,4.027149321266968,juvenile_forming,0.0,0.5624436356871746,0.3056909504252074,0.6943090495747926,4.027149321266968,nearest_neighbor_mature_template,0.6286403748618952,False,False,0.0609026883488162,1.0,0.8529751059031437,0.2607467708125739,True,0.5710866460649587,False,False,measurement_limited,0.4065773162451627,0.0934226837548372,measurement_limited,primary_non_mature_acquisition,minimum_25_pool,17.0,9.0,0.0,0.6628424245869095,1.4317193024782704,-0.03071274416999703,0.4197180057463615,0.2938442148931535,0.33719943759338555,0.6628424245869095,response_organization_visualization_not_model_promotion,not_ugc07125
UGC04325,1.0,9.0,90.9,2.7,2.026,0.678,1.86,6.61,2.79,41.0,213.22,9.6,41.0,"Sw09,Sw02",1012999999.9999999,901740000.0000001,1914740000.0,1.86,90.9,0.5290535529628043,0.47094644703719574,88085424.828239,7.944904053243674,3.553763440860215,mature_or_control,1.0,0.7655216810842725,0.5290535529628043,0.4709464470371957,3.553763440860215,nearest_neighbor_mature_template,1.0,False,False,0.0708740648707405,1.0,0.8767652386932088,0.4638557646449233,True,0.6739934464715994,False,False,activated_mature,0.7797822235973605,0.2797822235973605,testable_direct,mature_control_acquisition,reserve_pool,66.0,9.0,0.0,0.845790412150099,1.4963040622390842,-0.018786949979281653,0.6005504675805462,0.6129336470897205,0.37796162129746946,0.845790412150099,response_organization_visualization_not_model_promotion,not_ugc07125
UGC04499,1.0,8.0,72.8,2.4,1.552,1.1,1.73,8.67,2.69,33.79,127.3,12.5,50.0,"Sw09,Sw02",776000000.0,1463000000.0000002,2239000000.0,1.73,72.8,0.34658329611433675,0.6534167038856633,119064425.00008474,8.075782018963324,5.011560693641618,juvenile_forming,1.0,0.5920079973765785,0.3465832961143367,0.6534167038856633,5.011560693641618,nearest_neighbor_mature_template,0.7385716855970103,False,False,0.0485438592494414,0.7308090958470224,0.8035032516756366,0.2784808054043295,True,0.5683894401589916,False,False,transition,0.5076299168630021,0.007629916863002,testable_direct,primary_non_mature_acquisition,minimum_25_pool,18.0,9.0,0.0,0.6847693113103823,0.8875293124011876,-0.13553479466709306,0.47933192410514835,0.35226185159190965,0.4303128075853294,0.6847693113103823,response_organization_visualization_not_model_promotion,not_ugc07125
UGC05005,1.0,10.0,98.9,7.2,4.1,3.093,3.2,21.61,5.02,25.63,65.59,53.7,41.0,"dB02,VH93",2049999999.9999998,4113690000.0,6163690000.0,3.2,98.9,0.3325929759608286,0.6674070240391713,95798997.18614104,7.981360962953233,6.753125,juvenile_forming,0.0,0.4541480183432526,0.3325929759608286,0.6674070240391713,6.753125,nearest_neighbor_mature_template,0.6291878869973189,False,False,0.0305978514697671,0.8403410231539875,0.7159804762284621,0.2381300773186755,True,0.5300639846233804,False,False,transition,0.360073458814756,0.139926541185244,testable_direct,primary_non_mature_acquisition,minimum_25_pool,19.0,9.0,0.0,0.5677057294396287,0.987231906112323,-0.13396610400021758,0.4239987416257555,0.3322756799440409,0.39254438518129325,0.5677057294396287,response_organization_visualization_not_model_promotion,not_ugc07125
UGC05721,1.0,7.0,79.7,6.6,0.531,0.562,0.38,6.74,0.6,233.79,913.76,6.18,61.0,"dB02,Sw02",265500000.0,747460000.0000001,1012960000.0000001,0.38,79.7,0.2621031432633075,0.7378968567366925,1116465312.703368,9.04784523458566,17.736842105263158,juvenile_forming,0.0,0.3396172864748568,0.2621031432633075,0.7378968567366925,17.736842105263158,nearest_neighbor_mature_template,0.2139005934784941,False,False,0.0594481070070641,1.0,0.1639908642058241,0.0429825209748127,True,0.3280358076116184,False,False,measurement_limited,0.2668637606180025,0.2331362393819974,measurement_limited,primary_non_mature_acquisition,minimum_25_pool,20.0,9.0,0.0,0.26178602119487443,1.581493780296395,0.006786224839070654,0.44628571083210844,0.2315759189475822,0.819138093834264,0.26178602119487443,response_organization_visualization_not_model_promotion,not_ugc07125
UGC06399,1.0,9.0,85.0,3.8,2.296,0.674,2.05,8.8,3.45,30.82,311.05,18.0,75.0,"VS01,SV98",1148000000.0,896420000.0000001,2044420000.0,2.05,85.0,0.5615284530575909,0.43847154694240914,77425234.68314877,7.8888825304181305,4.292682926829269,mature_or_control,1.0,0.7528704145925351,0.5615284530575909,0.4384715469424091,4.292682926829269,nearest_neighbor_mature_template,1.0,False,False,0.0307608199797454,1.0,0.8396306442324155,0.4714764967955767,True,0.6673894429285189,False,False,activated_mature,0.7879007279231267,0.2879007279231267,testable_direct,mature_control_acquisition,reserve_pool,67.0,9.0,0.0,0.8283244005659922,1.266192639338333,-0.0564415404311458,0.6037051009571314,0.6593263615108442,0.3555530121672522,0.8283244005659922,response_organization_visualization_not_model_promotion,not_ugc07125
UGC06446,1.0,7.0,82.2,4.3,0.988,1.379,1.49,10.33,2.06,37.05,86.46,12.0,51.0,"VS01,SV98",494000000.0,1834070000.0,2328070000.0,1.49,82.2,0.21219293234309966,0.7878070676569003,166895116.60013008,8.222443629281738,6.932885906040268,juvenile_forming,0.0,0.4290630349142279,0.2121929323430996,0.7878070676569003,6.932885906040268,nearest_neighbor_mature_template,0.5399040554997286,False,False,0.0051949893670559,0.969156290976066,0.706946544288021,0.1500090602422961,True,0.4908085605242784,False,False,pre_activation,0.3409397078510826,0.1590602921489173,testable_direct,primary_non_mature_acquisition,minimum_25_pool,21.0,9.0,0.0,0.5345962918434659,1.1096668479966292,-0.08785999676480594,0.3876174618240329,0.16027561763299952,0.4889774517126952,0.5345962918434659,response_organization_visualization_not_model_promotion,not_ugc07125
UGC06614,1.0,1.0,199.8,16.0,124.35,21.888,5.1,60.63,3.68,1461.61,540.54,88.7,36.0,"dB01,VH93",62175000000.0,29111040000.000004,91286040000.0,5.1,199.8,0.6811008561659592,0.31889914383404083,558578412.1985576,8.747084147182726,11.88823529411765,mature_or_control,0.0,0.5176439422823711,0.6811008561659592,0.3188991438340408,11.88823529411765,nearest_neighbor_mature_template,1.0,False,False,0.0984502943067262,0.5475273979459897,0.4579141484289949,0.3118857185454945,True,0.4721734040963807,False,False,activated_mature,0.6984295428307148,0.1984295428307148,testable_direct,mature_control_acquisition,reserve_pool,68.0,9.0,0.0,0.5961962156698841,1.0469737123877625,-0.17856542206331394,0.7140010733895263,0.8301440802370846,0.6988336588730902,0.5961962156698841,response_organization_visualization_not_model_promotion,not_ugc07125
UGC06667,1.0,6.0,83.8,3.1,1.397,0.809,5.15,8.59,3.5,18.06,614.94,18.0,89.0,"VS01,SV98",698500000.0,1075970000.0,1774470000.0,5.15,83.8,0.3936386639390917,0.6063613360609084,10648154.279131887,7.027274334924381,1.6679611650485435,juvenile_forming,1.0,0.658059518904229,0.3936386639390917,0.6063613360609084,1.6679611650485435,nearest_neighbor_mature_template,0.2356878145054532,False,False,0.0552523005256959,1.0,0.9715367314948482,0.3824344209533841,True,0.6569554337594721,False,False,measurement_limited,0.5466792656073716,0.0466792656073715,measurement_limited,primary_non_mature_acquisition,minimum_25_pool,22.0,9.0,0.0,0.6676283418016595,1.320993559246695,-0.044227511117822305,0.350926241399457,0.41948380562727383,0.010909733969752367,0.6676283418016595,response_organization_visualization_not_model_promotion,not_ugc07125
UGC06786,1.0,0.0,219.4,7.8,73.407,5.03,3.6,20.31,3.42,992.73,1078.52,29.3,64.0,"No07,No05",36703500000.0,6689900000.000001,43393400000.0,3.6,219.4,0.8458313937142514,0.15416860628574855,532891520.64535886,8.726638809814512,5.641666666666667,mature_or_control,1.0,0.8027713495211416,0.8458313937142514,0.1541686062857485,5.641666666666667,nearest_neighbor_mature_template,1.0,False,False,0.0179761972208674,1.0,0.7718371091257179,0.6528440577321848,True,0.7284608220931426,False,False,activated_mature,0.981934535840148,0.4819345358401479,testable_direct,mature_control_acquisition,reserve_pool,69.0,9.0,0.0,0.8329368074982861,1.8310845582062234,-0.04135305699376124,0.8416104756235174,1.0,0.6906555239258048,0.8329368074982861,response_organization_visualization_not_model_promotion,not_ugc07125
UGC06917,1.0,9.0,108.7,3.5,6.832,2.023,2.76,12.67,4.52,53.07,261.11,18.0,56.0,"VS01,SV98",3416000000.0,2690590000.0000005,6106590000.0,2.76,108.7,0.5593956692687736,0.4406043307312265,127585326.60359396,8.105800729702338,4.590579710144928,mature_or_control,1.0,0.7519195345613939,0.5593956692687736,0.4406043307312265,4.590579710144928,nearest_neighbor_mature_template,1.0,False,False,0.0178180630954004,1.0,0.8246597624927167,0.4613110997586411,True,0.6583767492252308,False,False,activated_mature,0.8125644245315409,0.3125644245315409,testable_direct,mature_control_acquisition,reserve_pool,70.0,9.0,0.0,0.823357696028512,1.1981376088490803,-0.09172428580878078,0.6315172456012677,0.6562795275268195,0.4423202918809352,0.823357696028512,response_organization_visualization_not_model_promotion,not_ugc07125
UGC06930,1.0,7.0,107.2,5.1,8.932,3.237,3.94,16.76,4.38,73.93,189.16,18.0,32.0,"VS01,SV98",4466000000.0,4305210000.000001,8771210000.0,3.94,107.2,0.5091657821440827,0.49083421785591735,89926397.76836967,7.953887196986764,4.253807106598985,mature_or_control,1.0,0.7021462232525187,0.5091657821440827,0.4908342178559173,4.253807106598985,nearest_neighbor_mature_template,1.0,False,False,0.0241100184232918,0.8544600438959054,0.8415843588738545,0.4285059583262325,True,0.6476919862360038,False,False,activated_mature,0.672550197382926,0.1725501973829259,testable_direct,mature_control_acquisition,reserve_pool,71.0,9.0,0.0,0.8035484192884157,0.9723146061095793,-0.14478000783306122,0.579191624436713,0.5845225459201182,0.3815548787947055,0.8035484192884157,response_organization_visualization_not_model_promotion,not_ugc07125
UGC06983,1.0,6.0,109.0,5.8,5.298,2.967,3.21,16.07,3.95,53.56,121.57,18.0,49.0,"VS01,SV98",2649000000.0,3946110000.0000005,6595110000.0,3.21,109.0,0.4016612308210174,0.5983387691789827,101866670.23173201,8.008032110383153,5.006230529595015,mature_or_control,1.0,0.6439468270420454,0.4016612308210174,0.5983387691789827,5.006230529595015,nearest_neighbor_mature_template,1.0,False,False,0.0106281231864467,1.0,0.8037711204814247,0.3228436975509573,True,0.5888060609886174,False,False,activated_mature,0.6068433401978586,0.1068433401978585,testable_direct,mature_control_acquisition,reserve_pool,72.0,9.0,0.0,0.7631047496654502,1.159281666256529,-0.10052089308112944,0.5208865357637852,0.43094461545859625,0.4032128441532613,0.7631047496654502,response_organization_visualization_not_model_promotion,not_ugc07125
UGC07125,1.0,9.0,65.2,2.1,2.712,4.629,3.38,23.04,3.92,28.11,103.0,19.8,90.0,"Sw09,Sw02",1356000000.0,6156569999.999999,7512569999.999999,3.38,65.2,0.18049748621310685,0.8195025137868931,104658682.36615317,8.019775262749231,6.816568047337278,failed_stalled,0.0,0.3441077445145193,0.1804974862131068,0.8195025137868931,6.816568047337278,nearest_neighbor_mature_template,0.4739754452899832,True,True,0.2321401297980161,0.185688488795864,0.7127921290824437,0.1286571874918694,False,0.4829374404399458,True,True,measurement_limited,0.0949194008463098,0.4050805991536901,measurement_limited,primary_non_mature_acquisition;quarantined_follow_up_not_clean_inference;measurement_quality_follow_up,minimum_25_pool,1.0,9.0,0.0,0.4806866000399894,0.3886403773950502,-0.34061317523521417,0.3272232599034426,0.11499640887586693,0.40791010509969255,0.4806866000399894,response_organization_visualization_not_model_promotion,quarantined_follow_up_not_clean_scalar_or_juvenile_prototype
UGC07151,1.0,6.0,73.5,2.8,2.284,0.616,1.25,6.39,2.17,76.71,965.67,6.87,90.0,"Sw09,Sw02",1142000000.0,819280000.0,1961280000.0,1.25,73.5,0.5822728014357971,0.417727198564203,199774340.3438544,8.300539705297789,5.112,mature_or_control,1.0,0.7403675728215676,0.5822728014357971,0.417727198564203,5.112,nearest_neighbor_mature_template,1.0,False,False,0.0309531016509037,0.8056697407264045,0.7984556477345246,0.4649190068286156,True,0.652424161093181,False,False,activated_mature,0.8723277373697094,0.3723277373697093,testable_direct,mature_control_acquisition,reserve_pool,73.0,9.0,0.0,0.8097204807311411,0.9666113089322292,-0.11418200121773792,0.6661281036789313,0.6889611449082816,0.5202158821191155,0.8097204807311411,response_organization_visualization_not_model_promotion,not_ugc07125
UGC07399,1.0,8.0,103.0,3.3,1.156,0.745,1.64,7.85,1.27,113.98,135.78,8.43,55.0,"Sw09,Sw02",578000000.0,990850000.0,1568850000.0,1.64,103.0,0.36842273002517767,0.6315772699748223,92835452.28648129,7.967713857599678,4.786585365853659,juvenile_forming,1.0,0.6108574491711659,0.3684227300251776,0.6315772699748223,4.786585365853659,nearest_neighbor_mature_template,0.7463095096648582,False,False,0.144578008472295,1.0,0.8148094463554718,0.3001943206765864,True,0.581021931001153,False,False,transition,0.5333133831719676,0.0333133831719676,testable_direct,primary_non_mature_acquisition,minimum_25_pool,23.0,9.0,0.0,0.6991334604251961,2.122417079992476,0.061358379511268435,0.47943134320410263,0.383461042893111,0.3870855430398713,0.6991334604251961,response_organization_visualization_not_model_promotion,not_ugc07125
UGC07524,1.0,9.0,79.5,3.6,2.436,1.779,3.46,12.11,3.61,29.71,106.86,4.74,46.0,"Sw09,Sw02",1218000000.0,2366070000.0,3584070000.0,3.46,79.5,0.33983711255639537,0.6601628874436046,47647971.606750086,7.678044417277685,3.5,juvenile_forming,1.0,0.6272060763039489,0.3398371125563953,0.6601628874436046,3.5,nearest_neighbor_mature_template,0.7436259909184012,False,False,0.0529520132288566,0.7140784731274675,0.8794671346522016,0.2988755716284507,True,0.5950955895078367,False,False,transition,0.4792147639773554,0.0207852360226445,testable_direct,primary_non_mature_acquisition,minimum_25_pool,24.0,9.0,0.0,0.7261683767313151,0.8365521298554857,-0.15839143982671433,0.43269528771646815,0.34262444650913626,0.2712177669110741,0.7261683767313151,response_organization_visualization_not_model_promotion,not_ugc07125
UGC07603,1.0,7.0,61.6,2.8,0.376,0.258,0.53,4.37,0.85,81.81,520.99,4.7,78.0,"Sw09,Sw02",188000000.0,343140000.0,531140000.0,0.53,61.6,0.3539556425801107,0.6460443574198893,300938257.2938031,8.47847740168307,8.245283018867925,juvenile_forming,0.0,0.4272260078380597,0.3539556425801107,0.6460443574198893,8.245283018867925,nearest_neighbor_mature_template,0.7492918491142123,False,False,0.0265910334295371,1.0,0.6409916798112003,0.2268826219160779,True,0.5069671042175097,False,False,transition,0.4883604111798146,0.0116395888201853,testable_direct,primary_non_mature_acquisition,minimum_25_pool,25.0,9.0,0.0,0.5557688776852324,1.3046797245656292,-0.021256781599161112,0.500695320831255,0.3627937751144439,0.5913909606732283,0.5557688776852324,response_organization_visualization_not_model_promotion,not_ugc07125
UGC08286,1.0,6.0,82.4,2.3,1.255,0.642,1.05,8.07,2.25,39.52,1488.78,6.5,90.0,"Sw09,Sw02",627500000.0,853860000.0000001,1481360000.0,1.05,82.4,0.4235972349732678,0.5764027650267323,213846500.22549668,8.33010214706329,7.685714285714286,mature_or_control,0.0,0.4708234299793377,0.4235972349732678,0.5764027650267323,7.685714285714286,nearest_neighbor_mature_template,1.0,False,False,0.0416138994693549,1.0,0.6691129546904915,0.2834343974916856,True,0.5368546053403511,False,False,activated_mature,0.5598021947161291,0.0598021947161291,testable_direct,mature_control_acquisition,reserve_pool,74.0,9.0,0.0,0.6361456013968163,1.39788392318692,-0.02810031175770744,0.5388565984945393,0.4622817642475254,0.5320408588253158,0.6361456013968163,response_organization_visualization_not_model_promotion,not_ugc07125
UGC08490,1.0,9.0,78.6,3.8,1.017,0.72,0.67,7.8,1.14,124.98,576.54,4.65,50.0,"Sw09,Sw02",508499999.99999994,957600000.0,1466100000.0,0.67,78.6,0.3468385512584407,0.6531614487415592,519797420.5101976,8.715834119988067,11.641791044776118,juvenile_forming,0.0,0.4208126060935349,0.3468385512584407,0.6531614487415592,11.641791044776118,nearest_neighbor_mature_template,0.5519094094669307,False,False,0.0171845961961374,1.0,0.4702992694472755,0.1631179172729961,True,0.43871873504415,False,False,transition,0.4885503287156345,0.0114496712843655,testable_direct,primary_non_mature_acquisition,preferred_50_pool,26.0,9.0,0.0,0.46187796577433626,1.2785281329642022,-0.04726036849119475,0.5021994421598506,0.35262650179777244,0.6863336479952267,0.46187796577433626,response_organization_visualization_not_model_promotion,not_ugc07125
UGC08550,1.0,7.0,56.9,1.9,0.289,0.288,0.45,5.59,1.01,45.38,1284.78,6.7,90.0,"Sw09,Sw02",144500000.0,383040000.0,527540000.0,0.45,56.9,0.27391287864427344,0.7260871213557266,414620240.3886344,8.617650499095362,12.42222222222222,juvenile_forming,0.0,0.3667982606803153,0.2739128786442734,0.7260871213557266,12.42222222222222,nearest_neighbor_mature_template,0.4246390805212176,False,False,0.0133854555888479,0.925304421239436,0.4310784939374602,0.1180779511960476,True,0.4165321228674362,False,False,measurement_limited,0.3809611095135692,0.1190388904864307,measurement_limited,primary_non_mature_acquisition,preferred_50_pool,27.0,9.0,0.0,0.39765049462563923,1.116975966910784,-0.054842096711174015,0.43272265758317907,0.24844696949181921,0.6470601996381447,0.39765049462563923,response_organization_visualization_not_model_promotion,not_ugc07125
UGC09133,1.0,2.0,226.8,4.2,282.926,33.428,6.97,60.35,5.92,1284.78,864.63,57.1,53.0,"No07,No05",141463000000.0,44459240000.0,185922240000.0,6.97,226.8,0.7608718569655787,0.23912814303442126,609096240.0185609,8.78468591858822,8.658536585365853,true_falsifier_candidate,0.0,0.5511509909019222,0.7608718569655787,0.2391281430344212,8.658536585365853,nearest_neighbor_mature_template,0.8031695948061519,False,False,0.099676132669659,0.4767803589538333,0.6202235123819011,0.4719106155997307,True,0.5939263254990143,False,False,activated_mature,0.7619288190033473,0.2619288190033473,testable_direct,mature_control_acquisition,reserve_pool,75.0,9.0,0.0,0.6222764681267619,0.9452951342214785,-0.21588702137869475,0.7669748975231687,0.9441026528079697,0.7138743674352881,0.6222764681267619,response_organization_visualization_not_model_promotion,not_ugc07125
UGC10310,1.0,9.0,71.4,3.9,1.741,1.196,1.8,9.58,3.12,28.37,158.79,15.2,34.0,"Sw09,Sw02",870500000.0,1590680000.0,2461180000.0,1.8,71.4,0.3536921314166375,0.6463078685833624,120897828.0367009,8.082418498709004,5.322222222222222,disturbed_or_measurement_contaminated,0.0,0.5109945667976671,0.3536921314166375,0.6463078685833624,5.322222222222222,nearest_neighbor_mature_template,0.7426676985483383,False,False,0.0688587219551644,0.6433123110527825,0.7878908742820677,0.2786708026485425,True,0.5648508898299293,False,False,measurement_limited,0.3260366339979159,0.173963366002084,measurement_limited,primary_non_mature_acquisition,preferred_50_pool,28.0,9.0,0.0,0.6403980853931215,0.8142761760606692,-0.15625365802867153,0.4705040811455157,0.36241733059519643,0.4329673994836014,0.6403980853931215,response_organization_visualization_not_model_promotion,not_ugc07125
UGC11455,1.0,6.0,269.4,7.4,374.322,13.335,5.93,43.44,10.06,571.26,9568.2,78.6,90.0,SG06,187161000000.0,17735550000.000004,204896550000.0,5.93,269.4,0.913441441546966,0.086558558453034,927353661.0363086,8.967245390827602,7.325463743676223,mature_or_control,1.0,0.6143163123877886,0.913441441546966,0.086558558453034,7.325463743676223,nearest_neighbor_mature_template,1.0,False,False,0.0023634280502215,1.0,0.6872174410883838,0.6277328900439905,True,0.6836025446283835,False,False,activated_mature,0.7885521492877959,0.2885521492877959,testable_direct,mature_control_acquisition,reserve_pool,76.0,9.0,0.0,0.7133233885204093,1.270500538242951,-0.15375126774139192,0.839411371271987,1.0,0.7868981563310407,0.7133233885204093,response_organization_visualization_not_model_promotion,not_ugc07125
UGC11914,1.0,2.0,288.1,10.5,150.028,0.888,2.44,9.26,3.12,2425.66,3168.33,16.9,31.0,"No07,No05",75014000000.0,1181040000.0,76195040000.0,2.44,288.1,0.9844997784632701,0.01550022153672995,2036888144.1623034,9.308967180346801,3.7950819672131146,mature_or_control,1.0,0.7889707092874967,0.98449977846327,0.0155002215367299,3.795081967213114,nearest_neighbor_mature_template,1.0,False,False,0.0527195522682522,1.0,0.8646377122412043,0.8512356361524542,True,0.8559922201906143,False,False,activated_mature,0.8998930280820566,0.3998930280820566,testable_direct,mature_control_acquisition,reserve_pool,77.0,9.0,0.0,0.8538766683161096,2.3827043595109614,0.003847174567082501,0.9294184057433851,1.0,0.9235868721387206,0.8538766683161096,response_organization_visualization_not_model_promotion,not_ugc07125
UGC12632,1.0,9.0,71.7,2.8,1.301,1.744,2.42,12.6,3.94,13.09,66.81,9.77,46.0,"Sw09,Sw02",650500000.0,2319520000.0000005,2970020000.0000005,2.42,71.7,0.21902209412731224,0.7809779058726878,80713981.9824109,7.906948773530353,5.206611570247934,failed_stalled,0.0,0.5239243409528157,0.2190220941273122,0.7809779058726878,5.206611570247934,nearest_neighbor_mature_template,0.5876139631021341,False,False,0.086732754937078,0.5876019195241267,0.7937009182150448,0.1738380372182296,True,0.5184745691230918,False,False,failed_stalled,0.3676029032354028,0.1323970967645972,testable_direct,primary_non_mature_acquisition,preferred_50_pool,29.0,9.0,0.0,0.6175952385613481,0.7474903975360241,-0.1788358971131503,0.37176244692631,0.1700315630390175,0.3627795094121414,0.6175952385613481,response_organization_visualization_not_model_promotion,not_ugc07125
UGCA442,1.0,9.0,56.4,2.1,0.14,0.263,1.18,4.37,1.71,7.6,116.1,4.35,64.0,Co00,70000000.0,349790000.00000006,419790000.00000006,1.18,56.4,0.1667500416875104,0.8332499583124896,47983089.31380837,7.681088205881671,3.703389830508475,juvenile_forming,1.0,0.5838171694017319,0.1667500416875104,0.8332499583124896,3.703389830508475,nearest_neighbor_mature_template,0.4139926952551788,False,False,0.0279134621078221,1.0,0.8692457248547911,0.1449467608562266,True,0.5190022303255242,False,False,transition,0.3987896016217572,0.1012103983782427,testable_direct,primary_non_mature_acquisition,preferred_50_pool,30.0,9.0,0.0,0.635480841208339,1.2302380554377137,-0.029007490583416784,0.3193716220296908,0.09535720241072913,0.2724352823526683,0.635480841208339,response_organization_visualization_not_model_promotion,not_ugc07125
